Date,SYMBOL,SERIES,DATE1,PREV_CLOSE,OPEN_PRICE,HIGH_PRICE,LOW_PRICE,LAST_PRICE,CLOSE_PRICE,AVG_PRICE,TTL_TRD_QNTY,TURNOVER_LACS,NO_OF_TRADES,DELIV_QTY,DELIV_PER,SECTOR
2023-11-29,IREDA, EQ, 29-Nov-2023,32.0,50.0,60.0,50.0,60.0,60.0,54.9,579810954,318336.32,1002326,265054271,45.71,Others
2023-11-30,IREDA, EQ, 30-Nov-2023,60.0,64.3,68.9,60.55,66.1,65.3,66.01,391471914,258417.97,1039210,112622270,28.77,Others
2023-12-01,IREDA, EQ, 01-Dec-2023,65.3,67.0,68.4,62.3,62.7,62.75,64.62,144125388,93138.49,433518,46251907,32.09,Others
2023-12-04,IREDA, EQ, 04-Dec-2023,62.75,64.9,65.9,63.15,64.7,64.55,64.28,59388902,38175.43,201870,23685857,39.88,Others
2023-12-05,IREDA, EQ, 05-Dec-2023,64.55,64.9,65.0,62.85,63.15,63.05,63.65,36397214,23168.64,158227,19364448,53.2,Others
2023-12-06,IREDA, EQ, 06-Dec-2023,63.05,63.5,64.95,61.5,64.1,64.15,63.19,47249714,29857.34,146646,17627058,37.31,Others
2023-12-07,IREDA, EQ, 07-Dec-2023,64.15,64.15,64.85,63.45,64.1,64.2,64.21,23388127,15016.53,81022,11162623,47.73,Others
2023-12-08,IREDA, EQ, 08-Dec-2023,64.2,64.2,73.7,64.2,71.6,70.85,70.55,232352550,163931.34,413752,53040979,22.83,Others
2023-12-11,IREDA, EQ, 11-Dec-2023,70.85,74.0,85.0,73.4,85.0,85.0,79.88,193564938,154615.36,353454,46187263,23.86,Others
2023-12-12,IREDA, EQ, 12-Dec-2023,85.0,94.0,102.0,92.55,102.0,101.85,98.74,352556081,348107.2,936454,70897914,20.11,Others
2023-12-13,IREDA, EQ, 13-Dec-2023,101.85,104.6,112.0,98.9,112.0,112.0,107.72,200767357,216271.72,464530,40184212,20.02,Others
2023-12-14,IREDA, EQ, 14-Dec-2023,112.0,121.3,123.2,113.8,119.1,120.3,119.27,233953872,279027.63,756763,64032892,27.37,Others
2023-12-15,IREDA, EQ, 15-Dec-2023,120.3,120.4,121.0,108.3,108.3,108.3,111.81,107529568,120233.17,513417,47661353,44.32,Others
2023-12-18,IREDA, EQ, 18-Dec-2023,108.3,102.0,114.2,98.3,111.15,110.75,107.87,167648627,180850.63,527506,35119921,20.95,Others
2023-12-19,IREDA, EQ, 19-Dec-2023,110.75,113.0,116.2,111.35,112.35,112.45,113.22,47989953,54332.78,198804,17378484,36.21,Others
2023-12-20,IREDA, EQ, 20-Dec-2023,112.45,114.0,114.7,103.3,105.9,104.95,108.43,54934849,59565.34,311088,23459078,42.7,Others
2023-12-21,IREDA, EQ, 21-Dec-2023,104.95,102.0,111.25,100.0,110.2,109.9,107.71,50301973,54179.88,212582,14503263,28.83,Others
2023-12-22,IREDA, EQ, 22-Dec-2023,109.9,111.3,111.8,108.25,109.5,109.85,109.93,25157149,27655.16,117590,9837755,39.11,Others
2023-12-26,IREDA, EQ, 26-Dec-2023,109.85,103.85,105.75,100.35,102.25,101.95,102.52,98548301,101030.67,472015,48854523,49.57,Others
2023-12-27,IREDA, EQ, 27-Dec-2023,101.95,104.0,104.35,97.35,99.85,99.8,100.79,55795339,56234.68,283283,21555189,38.63,Others
2023-12-28,IREDA, EQ, 28-Dec-2023,99.8,99.85,100.7,95.55,97.55,97.3,97.31,51912306,50515.64,259554,18339546,35.33,Others
2023-12-29,IREDA, EQ, 29-Dec-2023,97.3,97.5,105.65,96.0,102.6,102.8,102.34,85731200,87737.07,291943,26152972,30.51,Others
2024-01-01,IREDA, EQ, 01-Jan-2024,102.8,103.35,107.55,102.1,104.5,104.65,105.12,49275011,51799.59,187012,18571739,37.69,Others
2024-01-02,IREDA, EQ, 02-Jan-2024,104.65,105.3,105.4,101.75,103.65,103.5,103.61,23688907,24542.99,106209,8982168,37.92,Others
2024-01-03,IREDA, EQ, 03-Jan-2024,103.5,103.5,103.55,100.2,101.95,101.8,101.83,24148229,24589.95,122236,9924644,41.1,Others
2024-01-04,IREDA, EQ, 04-Jan-2024,101.8,102.7,106.25,102.45,104.2,104.4,104.35,37518306,39151.92,133228,12087479,32.22,Others
2024-01-05,IREDA, EQ, 05-Jan-2024,104.4,105.0,107.25,104.0,104.95,105.1,105.64,32759854,34607.7,125033,11253528,34.35,Others
2024-01-08,IREDA, EQ, 08-Jan-2024,105.1,105.8,106.3,103.15,103.9,103.9,104.41,22377695,23365.41,104063,8326908,37.21,Others
2024-01-09,IREDA, EQ, 09-Jan-2024,103.9,104.7,104.85,102.6,103.2,103.3,103.7,14941191,15493.64,83555,6054677,40.52,Others
2024-01-10,IREDA, EQ, 10-Jan-2024,103.3,103.5,103.8,101.2,102.75,102.8,102.41,14828774,15186.18,84258,6107486,41.19,Others
2024-01-11,IREDA, EQ, 11-Jan-2024,102.8,103.4,106.4,103.0,103.55,103.4,104.4,19177567,20022.15,88887,7754440,40.43,Others
2024-01-12,IREDA, EQ, 12-Jan-2024,103.4,104.3,112.5,103.8,109.55,110.75,109.12,82669666,90212.4,247478,30369611,36.74,Others
2024-01-15,IREDA, EQ, 15-Jan-2024,110.75,111.6,121.8,111.6,121.8,121.8,118.63,165494007,196328.83,469279,53779140,32.5,Others
2024-01-16,IREDA, EQ, 16-Jan-2024,121.8,125.0,127.4,116.75,119.4,119.5,122.19,109786020,134150.61,397266,41965832,38.23,Others
2024-01-17,IREDA, EQ, 17-Jan-2024,119.5,118.55,125.6,114.3,124.4,124.2,122.95,81578431,100299.39,315605,26854989,32.92,Others
2024-01-18,IREDA, EQ, 18-Jan-2024,124.2,125.0,126.4,116.0,122.7,123.05,121.91,55701971,67905.75,238175,17414144,31.26,Others
2024-01-19,IREDA, EQ, 19-Jan-2024,123.05,124.2,135.35,123.7,135.35,135.35,131.11,111113228,145678.47,391773,39875999,35.89,Others
2024-01-20,IREDA, EQ, 20-Jan-2024,135.35,141.0,148.85,141.0,148.85,148.85,146.52,64465781,94456.52,309570,24906024,38.63,Others
2024-01-23,IREDA, EQ, 23-Jan-2024,148.85,156.25,156.25,144.1,156.25,154.05,151.84,120793026,183417.97,583532,42117947,34.87,Others
2024-01-24,IREDA, EQ, 24-Jan-2024,154.05,157.5,161.75,148.55,161.75,161.75,158.34,73799763,116857.26,264171,20195317,27.37,Others
2024-01-25,IREDA, EQ, 25-Jan-2024,161.75,167.0,169.8,166.0,169.8,169.8,168.93,9149447,15456.05,37735,6391939,69.86,Others
2024-01-29,IREDA, EQ, 29-Jan-2024,169.8,177.8,178.25,175.9,178.25,178.25,178.0,7515722,13377.98,30319,5544113,73.77,Others
2024-01-30,IREDA, EQ, 30-Jan-2024,178.25,184.8,187.15,169.4,173.95,173.15,177.8,100689188,179023.24,595925,38377785,38.12,Others
2024-01-31,IREDA, EQ, 31-Jan-2024,173.15,174.9,181.8,169.6,181.8,181.8,180.23,51527355,92867.85,148486,18321245,35.56,Others
2024-02-01,IREDA, EQ, 01-Feb-2024,181.8,183.0,190.85,177.8,185.9,185.8,188.32,119539925,225120.13,480742,32896648,27.52,Others
2024-02-02,IREDA, EQ, 02-Feb-2024,185.8,191.4,195.05,186.3,195.05,195.05,192.97,59779078,115356.03,251424,21432003,35.85,Others
2024-02-05,IREDA, EQ, 05-Feb-2024,195.05,203.9,204.8,193.2,204.8,204.8,203.48,27925173,56822.32,135325,11860705,42.47,Others
2024-02-06,IREDA, EQ, 06-Feb-2024,204.8,214.8,214.8,198.05,209.4,209.45,208.18,71926776,149739.03,482129,24891429,34.61,Others
2024-02-07,IREDA, EQ, 07-Feb-2024,209.45,213.15,213.15,199.0,199.0,199.0,203.08,40621079,82494.11,338955,20632601,50.79,Others
2024-02-08,IREDA, EQ, 08-Feb-2024,199.0,190.0,191.95,189.05,189.05,189.05,189.52,8349479,15824.02,91614,5892680,70.58,Others
2024-02-09,IREDA, EQ, 09-Feb-2024,189.05,179.6,179.6,179.6,179.6,179.6,179.6,4080213,7328.06,75262,4076115,99.9,Others
2024-02-12,IREDA, EQ, 12-Feb-2024,179.6,170.65,170.65,170.65,170.65,170.65,170.65,3358365,5731.05,54176,3350506,99.77,Others
2024-02-13,IREDA, EQ, 13-Feb-2024,170.65,162.15,162.15,162.15,162.15,162.15,162.15,2750096,4459.28,58298,2721687,98.97,Others
2024-02-14,IREDA, EQ, 14-Feb-2024,162.15,154.05,170.25,154.05,170.25,168.65,160.43,53059961,85123.87,221238,22370129,42.16,Others
2024-02-15,IREDA, EQ, 15-Feb-2024,168.65,177.05,177.05,177.05,177.05,177.05,177.05,5249920,9294.98,30345,5240122,99.81,Others
2024-02-16,IREDA, EQ, 16-Feb-2024,177.05,175.0,185.7,171.35,177.6,177.95,179.45,74074391,132929.75,433413,25822760,34.86,Others
2024-02-19,IREDA, EQ, 19-Feb-2024,177.95,179.0,182.3,173.7,178.2,178.35,178.83,24033651,42980.34,161404,7452604,31.01,Others
2024-02-20,IREDA, EQ, 20-Feb-2024,178.35,179.65,179.8,174.25,175.05,175.05,176.88,12824200,22683.33,124010,6074977,47.37,Others
2024-02-21,IREDA, EQ, 21-Feb-2024,175.05,172.45,176.3,166.3,166.3,166.3,168.46,30569754,51496.38,229418,13278038,43.44,Others
2024-02-22,IREDA, EQ, 22-Feb-2024,166.3,167.0,171.5,160.0,167.6,167.8,166.84,27560147,45981.51,177372,9223118,33.47,Others
2024-02-23,IREDA, EQ, 23-Feb-2024,167.8,160.6,162.05,159.45,159.45,159.45,159.81,15227080,24334.25,112798,12986220,85.28,Others
2024-02-26,IREDA, EQ, 26-Feb-2024,159.45,151.5,151.5,151.5,151.5,151.5,151.5,7605436,11522.24,100950,7426587,97.65,Others
2024-02-27,IREDA, EQ, 27-Feb-2024,151.5,146.6,159.05,146.6,155.2,154.9,154.66,154589413,239090.98,421289,46357306,29.99,Others
2024-02-28,IREDA, EQ, 28-Feb-2024,154.9,156.8,158.5,148.1,149.5,149.25,152.2,30930219,47075.72,221583,14186790,45.87,Others
2024-02-29,IREDA, EQ, 29-Feb-2024,149.25,149.75,152.6,141.8,151.5,150.05,147.23,62619592,92195.88,232367,30303640,48.39,Others
2024-03-01,IREDA, EQ, 01-Mar-2024,150.05,153.45,157.55,150.85,157.55,157.25,154.7,24614814,38079.38,130836,10519952,42.74,Others
2024-03-02,IREDA, EQ, 02-Mar-2024,157.25,158.7,163.7,157.0,160.6,160.9,161.2,14271229,23005.33,73724,5752451,40.31,Others
2024-03-04,IREDA, EQ, 04-Mar-2024,160.9,160.8,160.8,152.85,152.85,152.9,154.74,20299727,31412.37,146444,10634130,52.39,Others
2024-03-05,IREDA, EQ, 05-Mar-2024,152.9,151.0,154.25,146.0,147.7,146.8,148.8,22487081,33461.36,163749,10096458,44.9,Others
2024-03-06,IREDA, EQ, 06-Mar-2024,146.8,147.2,149.6,140.0,141.6,141.75,142.97,28753729,41108.85,208381,12603533,43.83,Others
2024-03-07,IREDA, EQ, 07-Mar-2024,141.75,142.05,148.8,140.15,147.85,147.95,146.09,22757080,33245.98,130660,7041170,30.94,Others
2024-03-11,IREDA, EQ, 11-Mar-2024,147.95,148.9,148.9,140.8,141.15,141.1,142.98,17124387,24484.19,131193,8604572,50.25,Others
2024-03-12,IREDA, EQ, 12-Mar-2024,141.1,143.5,143.5,134.05,134.05,134.05,135.58,32417965,43952.74,180834,12669782,39.08,Others
2024-03-13,IREDA, EQ, 13-Mar-2024,134.05,133.75,136.5,127.35,127.35,127.35,129.21,33355997,43100.46,164992,12006897,36.0,Others
2024-03-14,IREDA, EQ, 14-Mar-2024,127.35,122.55,133.4,121.05,131.45,132.3,127.12,64900398,82500.13,268241,16550474,25.5,Others
2024-03-15,IREDA, EQ, 15-Mar-2024,132.3,130.0,133.4,126.7,128.7,128.75,129.18,22010436,28432.83,129493,7469140,33.93,Others
2024-03-18,IREDA, EQ, 18-Mar-2024,128.75,129.55,135.0,127.8,133.0,133.15,132.73,20658376,27420.12,119308,6777028,32.81,Others
2024-03-19,IREDA, EQ, 19-Mar-2024,133.15,132.0,132.8,128.65,129.6,129.35,130.34,12511667,16307.7,92367,5809602,46.43,Others
2024-03-20,IREDA, EQ, 20-Mar-2024,129.35,128.0,129.9,124.4,125.9,125.8,126.56,14062942,17798.45,99313,5559772,39.53,Others
2024-03-21,IREDA, EQ, 21-Mar-2024,125.8,127.25,132.05,126.5,132.05,132.05,130.6,19716558,25748.86,64949,7690136,39.0,Others
2024-03-22,IREDA, EQ, 22-Mar-2024,132.05,133.7,138.65,132.2,138.65,138.65,136.26,22898920,31202.46,78941,8876135,38.76,Others
2024-03-26,IREDA, EQ, 26-Mar-2024,138.65,141.4,144.45,139.35,141.25,140.75,142.01,21428828,30431.19,113362,9786901,45.67,Others
2024-03-27,IREDA, EQ, 27-Mar-2024,140.75,142.9,144.4,135.0,136.9,136.0,139.44,23110828,32226.64,133477,11572579,50.07,Others
2024-03-28,IREDA, EQ, 28-Mar-2024,136.0,138.25,139.5,135.5,135.75,135.9,137.31,13307678,18272.48,73636,6342598,47.66,Others
2024-04-01,IREDA, EQ, 01-Apr-2024,135.9,138.0,142.65,137.7,142.65,142.65,141.44,15806364,22356.11,55034,6696894,42.37,Others
2024-04-02,IREDA, EQ, 02-Apr-2024,142.65,146.45,149.75,146.45,149.75,149.75,149.11,10211472,15226.16,28140,6073632,59.48,Others
2024-04-03,IREDA, EQ, 03-Apr-2024,149.75,148.85,157.2,147.1,157.2,157.2,154.34,26027259,40171.4,68992,10289984,39.54,Others
2024-04-04,IREDA, EQ, 04-Apr-2024,157.2,163.85,165.05,154.5,158.5,158.35,160.52,54231026,87054.02,265379,20510670,37.82,Others
2024-04-05,IREDA, EQ, 05-Apr-2024,158.35,162.0,181.15,161.0,176.4,176.45,173.41,142812761,247648.2,667008,35697745,25.0,Others
2024-04-08,IREDA, EQ, 08-Apr-2024,176.45,182.0,183.65,170.85,175.2,174.3,177.41,59008202,104684.71,311906,19012205,32.22,Others
2024-04-09,IREDA, EQ, 09-Apr-2024,174.3,175.2,175.2,166.7,168.9,169.25,169.67,34261082,58130.06,210165,12437593,36.3,Others
2024-04-10,IREDA, EQ, 10-Apr-2024,169.25,169.45,170.45,165.0,166.25,166.4,167.11,18676248,31210.77,118497,6879398,36.84,Others
2024-04-12,IREDA, EQ, 12-Apr-2024,166.4,165.4,173.0,164.25,167.15,167.2,169.21,27576778,46662.0,153991,8801861,31.92,Others
2024-04-15,IREDA, EQ, 15-Apr-2024,167.2,160.3,163.1,153.25,158.9,158.6,158.54,44926047,71227.43,260808,14389196,32.03,Others
2024-04-16,IREDA, EQ, 16-Apr-2024,158.6,156.0,163.5,155.5,159.95,160.05,160.66,22634141,36363.55,132112,7011258,30.98,Others
2024-04-18,IREDA, EQ, 18-Apr-2024,160.05,164.0,169.7,162.5,163.3,163.15,165.96,30562725,50722.24,157423,10239054,33.5,Others
2024-04-19,IREDA, EQ, 19-Apr-2024,163.15,160.0,162.95,157.15,160.95,160.7,160.76,20720974,33311.52,118882,6652612,32.11,Others
2024-04-22,IREDA, EQ, 22-Apr-2024,160.7,179.0,179.0,169.25,170.95,170.5,172.87,62935305,108794.73,264422,19381669,30.8,Others
2024-04-23,IREDA, EQ, 23-Apr-2024,170.5,172.5,172.5,167.5,168.5,167.95,168.78,26323408,44429.19,132573,10147322,38.55,Others
2024-04-24,IREDA, EQ, 24-Apr-2024,167.95,168.55,170.95,165.65,166.55,166.6,167.78,21484168,36045.68,113472,8289136,38.58,Others
2024-04-25,IREDA, EQ, 25-Apr-2024,166.6,166.5,170.4,165.4,167.2,167.25,168.24,17047847,28681.39,89448,6535139,38.33,Others
2024-04-26,IREDA, EQ, 26-Apr-2024,167.25,168.4,174.65,166.8,170.95,170.65,171.31,40701192,69723.48,174981,12824498,31.51,Others
2024-04-29,IREDA, EQ, 29-Apr-2024,170.65,187.1,192.2,180.1,181.75,181.4,185.39,103326709,191561.71,462307,31220317,30.22,Others
2024-04-30,IREDA, EQ, 30-Apr-2024,181.4,182.7,184.3,177.45,178.7,178.25,180.83,31699020,57321.03,188586,11784399,37.18,Others
2024-05-02,IREDA, EQ, 02-May-2024,178.25,179.45,184.45,176.25,181.45,181.4,181.11,32180611,58280.89,173212,11055001,34.35,Others
2024-05-03,IREDA, EQ, 03-May-2024,181.4,182.8,183.7,177.7,179.65,179.65,180.22,18860176,33989.0,117427,7668493,40.66,Others
2024-05-06,IREDA, EQ, 06-May-2024,179.65,178.8,178.8,167.55,172.45,172.25,172.77,35683685,61648.97,251020,12067453,33.82,Others
2024-05-07,IREDA, EQ, 07-May-2024,172.25,172.25,173.85,166.2,167.25,167.7,169.84,18264182,31020.3,130650,6995407,38.3,Others
2024-05-08,IREDA, EQ, 08-May-2024,167.7,165.65,174.0,165.1,170.7,170.9,170.39,20738689,35336.81,118024,5814157,28.04,Others
2024-05-09,IREDA, EQ, 09-May-2024,170.9,171.45,171.95,163.75,165.6,164.8,167.67,12181730,20425.55,103461,5529428,45.39,Others
2024-05-10,IREDA, EQ, 10-May-2024,164.8,166.0,167.4,160.55,165.5,164.7,164.15,13237010,21728.9,97053,3650869,27.58,Others
2024-05-13,IREDA, EQ, 13-May-2024,164.7,165.0,165.2,158.7,163.25,163.1,161.99,12640558,20476.33,99390,4308338,34.08,Others
2024-05-14,IREDA, EQ, 14-May-2024,163.1,164.5,174.75,164.0,174.5,173.15,170.66,20644658,35231.37,123963,8329297,40.35,Others
2024-05-15,IREDA, EQ, 15-May-2024,173.15,175.0,175.9,171.1,171.95,172.0,173.1,14330210,24805.89,87944,5716606,39.89,Others
2024-05-16,IREDA, EQ, 16-May-2024,172.0,173.95,174.25,170.5,171.15,171.15,171.87,11865626,20392.99,77122,4187185,35.29,Others
2024-05-17,IREDA, EQ, 17-May-2024,171.15,171.95,178.5,170.7,174.55,174.95,174.82,26994094,47190.12,141739,9142303,33.87,Others
2024-05-18,IREDA, EQ, 18-May-2024,174.95,175.7,177.5,175.4,176.05,176.3,176.46,5404261,9536.17,32488,2972686,55.01,Others
2024-05-21,IREDA, EQ, 21-May-2024,176.3,177.0,184.8,174.6,183.75,183.65,182.16,47989916,87419.79,247775,19718663,41.09,Others
2024-05-22,IREDA, EQ, 22-May-2024,183.65,186.0,193.15,182.55,188.75,188.85,188.6,73020031,137716.52,336743,21638560,29.63,Others
2024-05-23,IREDA, EQ, 23-May-2024,188.85,189.2,194.6,187.2,189.25,189.05,191.47,40572853,77685.26,202319,13768901,33.94,Others
2024-05-24,IREDA, EQ, 24-May-2024,189.05,189.7,194.45,184.2,185.85,185.55,189.29,33110360,62675.87,179472,11495546,34.72,Others
2024-05-27,IREDA, EQ, 27-May-2024,185.55,190.5,196.8,190.5,194.15,193.3,193.56,46470616,89947.93,225547,17531573,37.73,Others
2024-05-28,IREDA, EQ, 28-May-2024,193.3,194.8,196.2,182.35,185.4,184.9,187.35,38059308,71302.68,249694,16595714,43.6,Others
2024-05-29,IREDA, EQ, 29-May-2024,184.9,183.0,186.3,178.5,185.1,185.25,183.58,23919211,43910.99,132058,7443594,31.12,Others
2024-05-30,IREDA, EQ, 30-May-2024,185.25,185.0,185.8,180.85,181.7,181.3,182.63,15258803,27867.64,100306,6332921,41.5,Others
2024-05-31,IREDA, EQ, 31-May-2024,181.3,182.5,186.0,176.1,185.55,184.8,181.65,24117438,43809.42,137700,8725682,36.18,Others
2024-06-03,IREDA, EQ, 03-Jun-2024,184.8,200.0,200.25,189.4,192.5,191.9,192.24,45427419,87329.81,268346,19680032,43.32,Others
2024-06-04,IREDA, EQ, 04-Jun-2024,191.9,190.0,190.0,154.0,168.2,167.45,172.47,87754131,151353.62,683095,30103998,34.3,Others
2024-06-05,IREDA, EQ, 05-Jun-2024,167.45,168.0,174.7,155.0,173.0,172.7,165.94,43855047,72774.41,358760,12296378,28.04,Others
2024-06-06,IREDA, EQ, 06-Jun-2024,172.7,176.5,182.0,175.75,178.4,178.3,178.96,22320317,39944.64,142150,7128434,31.94,Others
2024-06-07,IREDA, EQ, 07-Jun-2024,178.3,178.65,182.5,174.85,180.75,180.85,179.02,19795848,35437.94,124717,6905686,34.88,Others
2024-06-10,IREDA, EQ, 10-Jun-2024,180.85,182.25,182.7,178.0,178.55,178.55,180.05,14840898,26721.3,112732,5975461,40.26,Others
2024-06-11,IREDA, EQ, 11-Jun-2024,178.55,180.7,183.0,178.6,180.5,180.23,180.87,16956779,30669.87,114891,6004331,35.41,Others
2024-06-12,IREDA, EQ, 12-Jun-2024,180.23,180.45,186.14,179.92,182.8,182.58,183.27,20214465,37047.25,111135,7223868,35.74,Others
2024-06-13,IREDA, EQ, 13-Jun-2024,182.58,183.5,184.0,179.26,180.24,180.06,181.09,12309733,22292.22,94617,6224533,50.57,Others
2024-06-14,IREDA, EQ, 14-Jun-2024,180.06,180.26,182.3,177.5,179.1,179.11,179.65,15913225,28588.1,111257,5743404,36.09,Others
2024-06-18,IREDA, EQ, 18-Jun-2024,179.11,180.2,181.76,177.71,178.0,178.03,179.12,14305706,25624.78,125147,7486121,52.33,Others
2024-06-19,IREDA, EQ, 19-Jun-2024,178.03,178.76,178.79,173.22,175.97,175.78,176.18,10800398,19028.02,101542,4644897,43.01,Others
2024-06-20,IREDA, EQ, 20-Jun-2024,175.78,176.64,180.99,174.8,177.5,177.49,178.12,14018198,24969.1,97953,5249644,37.45,Others
2024-06-21,IREDA, EQ, 21-Jun-2024,177.49,178.25,191.0,178.25,190.1,187.54,186.09,94311893,175509.42,356477,46836766,49.66,Others
2024-06-24,IREDA, EQ, 24-Jun-2024,187.54,192.0,195.4,188.4,189.2,189.64,192.13,35818533,68817.76,214876,12926072,36.09,Others
2024-06-25,IREDA, EQ, 25-Jun-2024,189.64,190.4,190.8,184.5,184.99,185.05,186.16,16110541,29990.7,130597,8002962,49.68,Others
2024-06-26,IREDA, EQ, 26-Jun-2024,185.05,185.05,199.44,183.1,195.05,194.69,194.41,100559239,195501.42,505294,31228993,31.06,Others
2024-06-27,IREDA, EQ, 27-Jun-2024,194.69,196.0,205.1,192.26,193.8,193.38,199.28,66090155,131703.29,357462,20204922,30.57,Others
2024-06-28,IREDA, EQ, 28-Jun-2024,193.38,195.3,195.7,188.76,191.05,190.44,191.12,24355673,46548.19,161643,10495832,43.09,Others
2024-07-01,IREDA, EQ, 01-Jul-2024,190.44,200.0,201.82,194.61,196.5,196.11,197.23,34096446,67247.76,185805,11781999,34.55,Others
2024-07-02,IREDA, EQ, 02-Jul-2024,196.11,197.15,209.0,192.8,209.0,205.35,202.2,65912468,133274.69,298259,24766436,37.57,Others
2024-07-03,IREDA, EQ, 03-Jul-2024,205.35,212.1,225.88,208.75,221.51,223.11,218.17,159681424,348372.82,724969,37100197,23.23,Others
2024-07-04,IREDA, EQ, 04-Jul-2024,223.11,223.23,228.48,218.41,221.0,220.49,222.52,68381930,152164.83,389015,20043694,29.31,Others
2024-07-05,IREDA, EQ, 05-Jul-2024,220.49,220.83,232.0,219.26,229.0,228.84,225.64,55309588,124802.76,296406,17641795,31.9,Others
2024-07-08,IREDA, EQ, 08-Jul-2024,228.84,232.0,248.85,231.8,246.5,246.38,241.65,97684592,236052.43,569915,21795548,22.31,Others
2024-07-09,IREDA, EQ, 09-Jul-2024,246.38,251.01,254.0,228.01,240.75,240.53,240.77,72152055,173723.6,489594,19540856,27.08,Others
2024-07-10,IREDA, EQ, 10-Jul-2024,240.53,241.55,249.55,230.0,247.3,247.28,241.7,70516062,170438.59,417720,14719163,20.87,Others
2024-07-11,IREDA, EQ, 11-Jul-2024,247.28,248.39,289.33,241.55,278.95,283.69,268.35,200719317,538635.17,971380,31049407,15.47,Others
2024-07-12,IREDA, EQ, 12-Jul-2024,283.69,282.9,304.5,275.05,284.0,284.26,293.79,227015725,666940.49,1661150,39708290,17.49,Others
2024-07-15,IREDA, EQ, 15-Jul-2024,284.26,300.0,310.0,286.88,291.5,289.65,297.56,106576924,317126.85,806800,25557619,23.98,Others
2024-07-16,IREDA, EQ, 16-Jul-2024,289.65,288.7,288.7,270.2,272.2,272.08,276.76,73797972,204243.67,768065,24468937,33.16,Others
2024-07-18,IREDA, EQ, 18-Jul-2024,272.08,267.39,267.39,252.0,257.25,257.4,259.06,89133329,230911.64,799195,21375610,23.98,Others
2024-07-19,IREDA, EQ, 19-Jul-2024,257.4,253.5,279.0,251.25,274.0,272.1,270.6,107729154,291510.45,775847,15549799,14.43,Others
2024-07-22,IREDA, EQ, 22-Jul-2024,272.1,274.0,279.88,266.3,269.3,269.85,271.81,38163945,103731.99,313337,9459471,24.79,Others
2024-07-23,IREDA, EQ, 23-Jul-2024,269.85,272.7,282.9,232.0,260.1,258.65,267.13,106704297,285037.76,920134,20118303,18.85,Others
2024-07-24,IREDA, EQ, 24-Jul-2024,258.65,261.8,272.89,261.8,270.02,269.26,268.99,35527332,95563.81,256386,7850152,22.1,Others
2024-07-25,IREDA, EQ, 25-Jul-2024,269.26,266.4,268.25,260.0,262.29,261.18,263.64,23498679,61952.41,223839,7219304,30.72,Others
2024-07-26,IREDA, EQ, 26-Jul-2024,261.18,263.5,268.1,257.01,258.63,258.03,262.13,19934107,52252.31,178382,7114836,35.69,Others
2024-07-29,IREDA, EQ, 29-Jul-2024,258.03,261.0,268.35,257.01,266.0,266.01,263.13,28683160,75473.18,232493,7156755,24.95,Others
2024-07-30,IREDA, EQ, 30-Jul-2024,266.01,265.95,269.95,262.8,264.45,263.94,266.21,16147525,42986.1,135834,5422316,33.58,Others
2024-07-31,IREDA, EQ, 31-Jul-2024,263.94,265.2,268.74,262.11,263.69,262.63,264.61,12879999,34081.58,122788,4524274,35.13,Others
2024-08-01,IREDA, EQ, 01-Aug-2024,262.63,264.15,265.4,256.05,259.2,257.85,260.12,13170422,34259.55,151901,5664687,43.01,Others
2024-08-02,IREDA, EQ, 02-Aug-2024,257.85,254.0,258.45,251.8,254.8,254.5,254.68,15185550,38674.96,170556,5232924,34.46,Others
2024-08-05,IREDA, EQ, 05-Aug-2024,254.5,241.95,247.6,235.0,238.2,238.9,240.88,34693995,83569.67,426066,12888659,37.15,Others
2024-08-06,IREDA, EQ, 06-Aug-2024,238.9,244.0,250.0,234.0,237.0,235.95,242.59,20303478,49254.52,200522,6147192,30.28,Others
2024-08-07,IREDA, EQ, 07-Aug-2024,235.95,246.0,249.5,236.5,249.05,248.25,242.79,21802887,52934.26,177315,4865508,22.32,Others
2024-08-08,IREDA, EQ, 08-Aug-2024,248.25,249.0,252.5,244.6,247.0,247.8,248.93,19944879,49649.11,155633,5197090,26.06,Others
2024-08-09,IREDA, EQ, 09-Aug-2024,247.8,251.45,251.8,242.5,243.4,243.45,245.98,11933160,29353.58,112737,3859673,32.34,Others
2024-08-12,IREDA, EQ, 12-Aug-2024,243.45,240.0,253.0,236.85,248.3,247.75,244.55,24208283,59201.14,228188,5526218,22.83,Others
2024-08-13,IREDA, EQ, 13-Aug-2024,247.75,245.0,247.65,240.0,241.0,240.5,243.53,10661503,25964.1,129705,4065342,38.13,Others
2024-08-14,IREDA, EQ, 14-Aug-2024,240.5,241.75,242.6,234.3,236.95,236.2,236.82,9658732,22873.59,120487,3030821,31.38,Others
2024-08-16,IREDA, EQ, 16-Aug-2024,236.2,239.2,242.65,238.25,239.8,240.1,240.27,8414689,20217.68,93456,2911077,34.6,Others
2024-08-19,IREDA, EQ, 19-Aug-2024,240.1,241.6,249.3,241.2,245.0,244.7,245.21,10896632,26720.03,109329,3322192,30.49,Others
2024-08-20,IREDA, EQ, 20-Aug-2024,244.7,245.45,245.95,240.0,240.85,240.45,241.53,7513400,18147.26,91397,2962527,39.43,Others
2024-08-21,IREDA, EQ, 21-Aug-2024,240.45,240.5,242.85,238.5,239.1,238.95,240.05,6332911,15202.2,73839,2437419,38.49,Others
2024-08-22,IREDA, EQ, 22-Aug-2024,238.95,246.0,265.7,246.0,258.95,257.1,258.55,87125691,225260.66,574930,16362006,18.78,Others
2024-08-23,IREDA, EQ, 23-Aug-2024,257.1,260.95,265.8,257.3,259.5,260.3,260.56,24704533,64369.53,194525,5746079,23.26,Others
2024-08-26,IREDA, EQ, 26-Aug-2024,260.3,262.0,262.45,253.1,253.6,253.55,254.68,12144509,30929.65,127652,4650310,38.29,Others
2024-08-27,IREDA, EQ, 27-Aug-2024,253.55,253.55,258.5,250.7,255.0,255.15,254.39,12343641,31401.26,109631,3329041,26.97,Others
2024-08-28,IREDA, EQ, 28-Aug-2024,255.15,256.1,258.4,253.05,254.0,253.95,255.69,10585106,27065.13,100682,3188836,30.13,Others
2024-08-29,IREDA, EQ, 29-Aug-2024,253.95,255.5,262.95,253.0,254.65,254.75,256.41,13819601,35434.49,126042,3414917,24.71,Others
2024-08-30,IREDA, EQ, 30-Aug-2024,254.75,258.0,259.5,238.05,240.0,241.5,243.84,45308414,110479.34,272227,24934398,55.03,Others
2024-09-02,IREDA, EQ, 02-Sep-2024,241.5,241.35,241.35,235.3,239.1,238.93,238.32,16826533,40101.27,167367,5994181,35.62,Others
2024-09-03,IREDA, EQ, 03-Sep-2024,238.93,239.0,240.0,236.44,239.4,239.3,238.11,9344884,22251.06,100926,3667163,39.24,Others
2024-09-04,IREDA, EQ, 04-Sep-2024,239.3,235.0,238.33,235.0,235.5,235.46,235.93,8671698,20458.73,110616,4030932,46.48,Others
2024-09-05,IREDA, EQ, 05-Sep-2024,235.46,236.68,238.65,234.36,235.21,235.33,236.32,7763279,18346.19,81990,2743277,35.34,Others
2024-09-06,IREDA, EQ, 06-Sep-2024,235.33,234.3,235.7,226.27,228.0,227.4,228.83,14795733,33857.11,202544,6175355,41.74,Others
2024-09-09,IREDA, EQ, 09-Sep-2024,227.4,226.0,228.25,220.64,224.78,223.17,223.32,15786916,35255.19,176527,5695030,36.07,Others
2024-09-10,IREDA, EQ, 10-Sep-2024,223.17,228.77,239.45,228.41,235.0,233.5,234.74,30985815,72735.89,227085,5133448,16.57,Others
2024-09-11,IREDA, EQ, 11-Sep-2024,233.5,239.45,240.0,227.75,228.3,228.87,232.56,15692638,36494.66,138310,4684938,29.85,Others
2024-09-12,IREDA, EQ, 12-Sep-2024,228.87,231.3,234.88,224.8,233.0,232.64,228.61,12505012,28587.68,118180,3264785,26.11,Others
2024-09-13,IREDA, EQ, 13-Sep-2024,232.64,232.5,235.45,229.82,231.1,231.59,232.25,8982424,20862.0,76569,2302011,25.63,Others
2024-09-16,IREDA, EQ, 16-Sep-2024,231.59,232.0,233.81,227.5,228.8,228.39,229.44,8067727,18510.49,88136,2829112,35.07,Others
2024-09-17,IREDA, EQ, 17-Sep-2024,228.39,230.0,235.0,224.54,227.94,227.74,229.45,19142098,43921.33,169337,4364843,22.8,Others
2024-09-18,IREDA, EQ, 18-Sep-2024,227.74,227.06,233.33,227.0,227.37,227.39,229.83,10331172,23744.1,90667,2529087,24.48,Others
2024-09-19,IREDA, EQ, 19-Sep-2024,227.39,235.0,237.5,225.75,230.2,230.01,231.5,24253906,56147.12,203383,5464407,22.53,Others
2024-09-20,IREDA, EQ, 20-Sep-2024,230.01,231.0,234.0,228.04,232.5,232.37,231.38,14476821,33496.06,105768,3760614,25.98,Others
2024-09-23,IREDA, EQ, 23-Sep-2024,232.37,233.0,233.4,228.3,230.48,230.24,230.33,5648228,13009.48,67495,2708801,47.96,Others
2024-09-24,IREDA, EQ, 24-Sep-2024,230.24,230.0,230.42,227.0,227.35,227.35,228.11,3939928,8987.56,54569,2266134,57.52,Others
2024-09-25,IREDA, EQ, 25-Sep-2024,227.35,227.35,228.58,222.87,223.45,223.47,224.41,4842465,10866.81,64972,2347390,48.48,Others
2024-09-26,IREDA, EQ, 26-Sep-2024,223.47,220.0,228.9,217.0,224.19,224.51,223.53,14222826,31792.53,136731,3772145,26.52,Others
2024-09-27,IREDA, EQ, 27-Sep-2024,224.51,224.87,234.0,223.5,233.0,232.19,229.01,10159834,23266.94,91523,5363708,52.79,Others
2024-09-30,IREDA, EQ, 30-Sep-2024,232.19,232.38,237.0,226.27,233.0,234.88,231.25,10957632,25339.76,96418,3930938,35.87,Others
2024-10-01,IREDA, EQ, 01-Oct-2024,234.88,236.0,237.0,230.0,230.6,230.91,232.37,6535085,15185.72,63471,2844783,43.53,Others
2024-10-03,IREDA, EQ, 03-Oct-2024,230.91,225.0,228.49,222.3,224.2,223.32,225.23,7162150,16130.99,99235,4078186,56.94,Others
2024-10-04,IREDA, EQ, 04-Oct-2024,223.32,224.29,226.69,218.0,222.0,221.66,222.78,6733533,15001.09,67366,2305722,34.24,Others
2024-10-07,IREDA, EQ, 07-Oct-2024,221.66,223.98,225.59,210.0,211.4,211.13,214.63,9932387,21317.92,125823,4806929,48.4,Others
2024-10-08,IREDA, EQ, 08-Oct-2024,211.13,208.15,225.4,206.0,225.11,224.39,218.39,14528642,31729.19,121793,4838462,33.3,Others
2024-10-09,IREDA, EQ, 09-Oct-2024,224.39,226.4,234.0,225.51,232.5,231.13,229.71,11941882,27431.76,88564,4325527,36.22,Others
2024-10-10,IREDA, EQ, 10-Oct-2024,231.13,233.6,237.0,231.6,232.7,233.69,234.31,10834531,25386.26,79305,4087198,37.72,Others
2024-10-11,IREDA, EQ, 11-Oct-2024,233.69,238.0,239.9,225.0,227.4,228.61,234.5,19061371,44699.21,130442,6153536,32.28,Others
2024-10-14,IREDA, EQ, 14-Oct-2024,228.61,229.49,229.7,221.0,221.86,221.5,223.67,8045227,17994.48,84980,3830605,47.61,Others
2024-10-15,IREDA, EQ, 15-Oct-2024,221.5,222.7,225.9,220.16,222.79,222.68,222.72,5670233,12628.89,51282,1910449,33.69,Others
2024-10-16,IREDA, EQ, 16-Oct-2024,222.68,222.67,224.29,220.93,221.15,221.11,222.35,3370769,7494.93,35097,1527933,45.33,Others
2024-10-17,IREDA, EQ, 17-Oct-2024,221.11,221.99,224.4,217.02,217.94,217.71,220.31,4518520,9954.55,51993,1961781,43.42,Others
2024-10-18,IREDA, EQ, 18-Oct-2024,217.71,215.89,221.0,211.37,215.99,216.14,215.92,5532586,11946.05,58657,1782572,32.22,Others
2024-10-21,IREDA, EQ, 21-Oct-2024,216.14,216.19,218.2,209.0,209.99,210.03,212.69,4784083,10175.45,64905,2400405,50.17,Others
2024-10-22,IREDA, EQ, 22-Oct-2024,210.03,210.0,210.0,198.0,201.5,199.52,203.0,10110438,20524.23,129495,4745882,46.94,Others
2024-10-23,IREDA, EQ, 23-Oct-2024,199.52,199.0,203.87,188.47,200.0,200.42,197.29,14376392,28363.22,133476,3718393,25.86,Others
2024-10-24,IREDA, EQ, 24-Oct-2024,200.42,200.38,203.0,197.2,200.21,200.19,200.3,6264850,12548.34,65832,1976816,31.55,Others
2024-10-25,IREDA, EQ, 25-Oct-2024,200.19,199.98,200.89,190.0,192.0,191.26,192.89,8488645,16373.53,111437,3672869,43.27,Others
2024-10-28,IREDA, EQ, 28-Oct-2024,191.26,193.0,200.45,188.0,199.1,198.96,195.19,7754423,15135.71,72432,2381923,30.72,Others
2024-10-29,IREDA, EQ, 29-Oct-2024,198.96,199.79,209.51,197.48,205.5,205.37,203.68,9002675,18336.84,74966,2456973,27.29,Others
2024-10-30,IREDA, EQ, 30-Oct-2024,205.37,205.51,211.83,201.91,211.8,210.21,208.39,7183024,14968.88,62312,2233089,31.09,Others
2024-10-31,IREDA, EQ, 31-Oct-2024,210.21,210.9,213.95,208.21,209.7,210.04,210.96,5484791,11570.79,52324,1827862,33.33,Others
2024-11-01,IREDA, EQ, 01-Nov-2024,210.04,211.56,212.73,211.12,211.9,211.98,211.98,1570071,3328.31,34335,948011,60.38,Others
2024-11-04,IREDA, EQ, 04-Nov-2024,211.98,212.0,212.0,203.12,205.1,205.38,205.77,5183081,10665.4,74608,1925504,37.15,Others
2024-11-05,IREDA, EQ, 05-Nov-2024,205.38,203.99,206.84,201.41,204.6,204.77,204.61,4672040,9559.65,61798,1473335,31.54,Others
2024-11-06,IREDA, EQ, 06-Nov-2024,204.77,205.99,211.75,205.8,210.28,209.9,208.5,5561341,11595.3,60179,2055576,36.96,Others
2024-11-07,IREDA, EQ, 07-Nov-2024,209.9,210.48,211.58,205.25,206.0,205.98,207.93,5042170,10484.15,62090,2047787,40.61,Others
2024-11-08,IREDA, EQ, 08-Nov-2024,205.98,205.5,205.95,200.0,200.1,200.58,202.33,3467278,7015.3,50417,1583659,45.67,Others
2024-11-11,IREDA, EQ, 11-Nov-2024,200.58,199.48,202.29,196.21,197.97,197.47,198.96,4876477,9702.36,63082,1467986,30.1,Others
2024-11-12,IREDA, EQ, 12-Nov-2024,197.47,198.47,200.85,193.2,194.1,194.49,196.98,3537890,6968.85,54145,1343720,37.98,Others
2024-11-13,IREDA, EQ, 13-Nov-2024,194.49,192.99,195.29,187.0,188.45,187.59,190.49,6135625,11687.72,96062,2624463,42.77,Others
2024-11-14,IREDA, EQ, 14-Nov-2024,187.59,187.98,195.1,187.71,190.02,189.86,191.6,4515956,8652.39,57910,1288017,28.52,Others
2024-11-18,IREDA, EQ, 18-Nov-2024,189.86,192.0,192.8,186.0,187.5,187.52,188.64,4132173,7794.96,57478,1377844,33.34,Others
2024-11-19,IREDA, EQ, 19-Nov-2024,187.52,187.65,193.34,187.65,188.63,190.15,191.64,3871625,7419.64,44814,1162665,30.03,Others
2024-11-21,IREDA, EQ, 21-Nov-2024,190.15,189.99,190.0,184.0,184.7,184.58,185.78,4160737,7729.83,61095,1582950,38.04,Others
2024-11-22,IREDA, EQ, 22-Nov-2024,184.58,184.6,187.85,181.4,185.89,185.5,183.9,6235018,11466.04,68188,1963428,31.49,Others
2024-11-25,IREDA, EQ, 25-Nov-2024,185.5,192.39,196.39,189.01,190.0,189.97,192.72,5629419,10848.85,60694,1711515,30.4,Others
2024-11-26,IREDA, EQ, 26-Nov-2024,189.97,190.5,192.6,189.26,190.8,190.43,190.96,2768289,5286.29,32271,1000159,36.13,Others
2024-11-27,IREDA, EQ, 27-Nov-2024,190.43,191.0,198.4,189.5,198.4,197.19,194.43,7167773,13936.37,66186,2252050,31.42,Others
2024-11-28,IREDA, EQ, 28-Nov-2024,197.19,200.0,213.0,200.0,209.5,208.41,207.85,27498429,57156.03,207159,5596208,20.35,Others
2024-11-29,IREDA, EQ, 29-Nov-2024,208.41,210.25,210.7,202.0,205.2,205.16,204.9,10682035,21887.91,88233,3174241,29.72,Others
2024-12-02,IREDA, EQ, 02-Dec-2024,205.16,203.5,207.47,201.0,203.99,203.95,204.35,6828904,13954.67,62350,1889064,27.66,Others
2024-12-03,IREDA, EQ, 03-Dec-2024,203.95,205.1,208.42,204.66,206.8,206.71,206.45,5755283,11881.97,47914,1955026,33.97,Others
2024-12-04,IREDA, EQ, 04-Dec-2024,206.71,207.75,219.0,206.36,218.83,217.02,213.26,20170233,43015.62,134376,6716661,33.3,Others
2024-12-05,IREDA, EQ, 05-Dec-2024,217.02,220.51,226.0,217.15,220.4,220.86,221.64,23333519,51716.08,158371,6145464,26.34,Others
2024-12-06,IREDA, EQ, 06-Dec-2024,220.86,220.4,223.47,216.3,221.18,221.25,219.75,11933173,26223.24,86561,3157684,26.46,Others
2024-12-09,IREDA, EQ, 09-Dec-2024,221.25,222.15,225.9,220.47,221.0,221.81,222.7,7410010,16501.82,62285,2601483,35.11,Others
2024-12-10,IREDA, EQ, 10-Dec-2024,221.81,222.0,223.5,217.05,222.11,221.15,219.37,6277101,13769.93,56597,2378276,37.89,Others
2024-12-11,IREDA, EQ, 11-Dec-2024,221.15,221.9,227.83,221.69,224.28,225.43,224.66,11364606,25531.68,78504,3484416,30.66,Others
2024-12-12,IREDA, EQ, 12-Dec-2024,225.43,224.5,224.74,220.0,221.55,221.03,221.6,5545974,12289.94,48489,2278997,41.09,Others
2024-12-13,IREDA, EQ, 13-Dec-2024,221.03,219.9,219.97,212.7,217.65,217.48,216.43,5854750,12671.29,51373,1821374,31.11,Others
2024-12-16,IREDA, EQ, 16-Dec-2024,217.48,217.48,220.76,215.12,215.9,216.16,217.62,4636915,10090.95,44105,1684829,36.34,Others
2024-12-17,IREDA, EQ, 17-Dec-2024,216.16,215.29,216.74,212.0,212.3,212.51,214.02,4935296,10562.53,51204,2288904,46.38,Others
2024-12-18,IREDA, EQ, 18-Dec-2024,212.51,212.5,213.95,205.67,206.9,206.33,208.56,6155093,12837.05,76169,2381581,38.69,Others
2024-12-19,IREDA, EQ, 19-Dec-2024,206.33,200.05,212.75,200.0,209.2,209.03,206.47,7305551,15084.1,77949,2243202,30.71,Others
2024-12-20,IREDA, EQ, 20-Dec-2024,209.03,209.15,209.79,203.25,206.5,206.32,206.28,6713257,13847.85,65049,2840604,42.31,Others
2024-12-23,IREDA, EQ, 23-Dec-2024,206.32,208.0,208.75,200.51,201.49,201.59,202.96,4435629,9002.54,59264,1548087,34.9,Others
2024-12-24,IREDA, EQ, 24-Dec-2024,201.59,202.5,204.35,200.35,200.6,200.97,201.86,2972880,6001.01,37527,1059904,35.65,Others
2024-12-26,IREDA, EQ, 26-Dec-2024,200.97,202.0,203.49,198.5,198.6,199.18,200.22,3099729,6206.18,39901,1205583,38.89,Others
2024-12-27,IREDA, EQ, 27-Dec-2024,199.18,200.16,201.0,196.1,196.8,196.94,198.45,3101323,6154.64,44070,1304152,42.05,Others
2024-12-30,IREDA, EQ, 30-Dec-2024,196.94,196.94,222.5,195.32,217.24,218.47,211.85,27105385,57423.67,200036,6970384,25.72,Others
2024-12-31,IREDA, EQ, 31-Dec-2024,218.47,215.75,219.58,211.6,215.0,215.25,215.32,17332627,37320.2,138332,3135337,18.09,Others
2025-01-01,IREDA, EQ, 01-Jan-2025,215.25,216.45,227.65,215.05,221.05,221.76,223.36,31034531,69319.09,239319,5325041,17.16,Others
2025-01-02,IREDA, EQ, 02-Jan-2025,221.76,223.7,224.99,220.11,221.6,222.46,222.42,11402806,25362.31,104168,2630474,23.07,Others
2025-01-03,IREDA, EQ, 03-Jan-2025,222.46,221.58,234.29,220.61,229.5,230.55,228.5,35753765,81698.59,258774,9001997,25.18,Others
2025-01-06,IREDA, EQ, 06-Jan-2025,230.55,231.45,231.8,213.4,214.7,214.68,220.87,22955524,50701.62,201062,6801422,29.63,Others
2025-01-07,IREDA, EQ, 07-Jan-2025,214.68,215.7,222.9,213.64,218.83,218.72,218.78,18450188,40365.44,153676,3416481,18.52,Others
2025-01-08,IREDA, EQ, 08-Jan-2025,218.72,220.91,225.98,215.6,222.9,223.38,221.85,26174024,58066.49,191182,4053331,15.49,Others
2025-01-09,IREDA, EQ, 09-Jan-2025,223.38,224.9,227.3,213.66,215.75,216.09,221.52,20675319,45800.76,167338,4849114,23.45,Others
2025-01-10,IREDA, EQ, 10-Jan-2025,216.09,218.0,222.86,198.61,203.5,201.15,208.24,39003840,81220.96,354318,7390618,18.95,Others
2025-01-13,IREDA, EQ, 13-Jan-2025,201.15,200.47,212.35,196.55,200.1,199.88,205.34,43890423,90124.9,327697,4985212,11.36,Others
2025-01-14,IREDA, EQ, 14-Jan-2025,199.88,204.2,209.8,200.6,206.9,206.26,205.62,21359771,43920.2,161136,2517282,11.79,Others
2025-01-15,IREDA, EQ, 15-Jan-2025,206.26,208.0,209.89,202.5,202.75,203.56,205.83,12280297,25276.03,92551,2336359,19.03,Others
2025-01-16,IREDA, EQ, 16-Jan-2025,203.56,205.46,208.98,203.35,204.36,204.19,205.86,10658871,21942.57,101334,2931775,27.51,Others
2025-01-17,IREDA, EQ, 17-Jan-2025,204.19,204.8,212.55,203.5,206.8,207.1,208.13,15014491,31250.08,108246,2668817,17.77,Others
2025-01-20,IREDA, EQ, 20-Jan-2025,207.1,208.51,209.8,206.26,207.4,207.89,207.9,8490063,17650.98,67137,1818115,21.41,Others
2025-01-21,IREDA, EQ, 21-Jan-2025,207.89,208.8,209.6,203.0,205.6,205.44,205.6,9153091,18819.21,76605,2468893,26.97,Others
2025-01-22,IREDA, EQ, 22-Jan-2025,205.44,205.5,206.45,197.57,199.99,200.26,200.15,9878925,19773.12,103319,2702623,27.36,Others
2025-01-23,IREDA, EQ, 23-Jan-2025,200.26,198.51,201.7,195.03,196.05,196.84,197.94,12827023,25390.42,124125,3212165,25.04,Others
2025-01-24,IREDA, EQ, 24-Jan-2025,196.84,196.84,198.37,194.0,194.0,194.88,196.03,6815563,13360.55,69668,1748137,25.65,Others
2025-01-27,IREDA, EQ, 27-Jan-2025,194.88,192.1,192.49,184.43,186.64,186.9,187.27,9542892,17871.11,106690,2671367,27.99,Others
2025-01-28,IREDA, EQ, 28-Jan-2025,186.9,187.9,189.99,177.33,188.15,186.49,184.06,13364939,24599.42,129663,2646903,19.8,Others
2025-01-29,IREDA, EQ, 29-Jan-2025,186.49,187.5,194.88,187.07,192.99,192.14,192.1,8533081,16391.82,70506,1792765,21.01,Others
2025-01-30,IREDA, EQ, 30-Jan-2025,192.14,192.6,197.5,192.45,196.3,196.05,195.49,7011204,13706.46,63880,1885033,26.89,Others
2025-01-31,IREDA, EQ, 31-Jan-2025,196.05,198.0,203.4,194.2,202.5,202.11,199.91,12036962,24063.32,98753,2732182,22.7,Others
2025-02-01,IREDA, EQ, 01-Feb-2025,202.11,203.95,208.9,191.86,194.7,193.91,201.15,18276693,36764.25,159795,4042210,22.12,Others
2025-02-03,IREDA, EQ, 03-Feb-2025,193.91,189.26,191.49,183.8,186.9,186.53,186.33,10238691,19077.83,128490,3582150,34.99,Others
2025-02-04,IREDA, EQ, 04-Feb-2025,186.53,190.0,194.2,189.34,191.89,191.88,191.98,5492766,10545.25,53837,1629649,29.67,Others
2025-02-05,IREDA, EQ, 05-Feb-2025,191.88,193.2,196.4,192.5,192.75,192.83,193.94,4292358,8324.62,44396,1330681,31.0,Others
2025-02-06,IREDA, EQ, 06-Feb-2025,192.83,193.39,193.9,188.05,188.7,188.58,189.67,4789911,9084.96,68021,1995349,41.66,Others
2025-02-07,IREDA, EQ, 07-Feb-2025,188.58,189.58,192.5,186.53,188.2,188.65,189.2,6614430,12514.39,66294,1407930,21.29,Others
2025-02-10,IREDA, EQ, 10-Feb-2025,188.65,188.95,189.5,184.0,184.31,184.44,185.44,4184538,7759.62,53680,1550386,37.05,Others
2025-02-11,IREDA, EQ, 11-Feb-2025,184.44,184.0,184.45,175.41,176.4,176.49,177.48,6740799,11963.28,83800,2572716,38.17,Others
2025-02-12,IREDA, EQ, 12-Feb-2025,176.49,175.0,175.9,164.85,175.0,174.51,171.28,12329378,21117.69,127679,3054922,24.78,Others
2025-02-13,IREDA, EQ, 13-Feb-2025,174.51,175.23,180.9,174.99,176.67,177.06,178.66,6273935,11208.97,57289,1590481,25.35,Others
2025-02-14,IREDA, EQ, 14-Feb-2025,177.06,177.1,178.23,167.4,167.51,168.16,170.5,7009023,11950.6,88155,2144801,30.6,Others
2025-02-17,IREDA, EQ, 17-Feb-2025,168.16,164.89,170.66,161.87,166.6,165.48,166.23,10057327,16718.09,110473,2243721,22.31,Others
2025-02-18,IREDA, EQ, 18-Feb-2025,165.48,166.4,166.98,159.0,160.2,160.91,161.39,7887434,12729.27,89880,2409130,30.54,Others
2025-02-19,IREDA, EQ, 19-Feb-2025,160.91,159.68,171.36,157.05,169.95,170.2,167.49,10683483,17893.51,102409,2422833,22.68,Others
2025-02-20,IREDA, EQ, 20-Feb-2025,170.2,171.0,175.6,170.61,173.25,173.75,172.96,10417876,18018.31,89604,1940654,18.63,Others
2025-02-21,IREDA, EQ, 21-Feb-2025,173.75,173.6,187.7,172.8,176.0,177.34,182.45,34409096,62780.64,235827,3467344,10.08,Others
2025-02-24,IREDA, EQ, 24-Feb-2025,177.34,174.9,175.6,171.12,171.99,172.01,172.96,7226968,12499.58,71166,1572871,21.76,Others
2025-02-25,IREDA, EQ, 25-Feb-2025,172.01,173.75,178.45,172.81,173.09,173.55,174.7,9808750,17136.32,91324,1578610,16.09,Others
2025-02-27,IREDA, EQ, 27-Feb-2025,173.55,173.55,174.5,165.5,165.78,166.51,168.97,5835588,9860.22,62887,1860677,31.88,Others
2025-02-28,IREDA, EQ, 28-Feb-2025,166.51,161.0,162.33,151.5,156.6,156.02,155.78,34288352,53415.45,224532,7814602,22.79,Others
2025-03-03,IREDA, EQ, 03-Mar-2025,156.02,156.65,158.62,143.22,147.7,147.31,147.67,29097095,42966.47,214642,5835217,20.05,Others
2025-03-04,IREDA, EQ, 04-Mar-2025,147.31,144.95,151.3,144.01,144.2,144.64,146.99,19899282,29249.37,136295,4081575,20.51,Others
2025-03-05,IREDA, EQ, 05-Mar-2025,144.64,145.5,149.87,145.5,147.5,147.26,147.63,20624159,30446.98,117651,3359945,16.29,Others
2025-03-06,IREDA, EQ, 06-Mar-2025,147.26,150.05,152.46,149.0,149.5,149.86,150.69,13411147,20209.1,85872,3480553,25.95,Others
2025-03-07,IREDA, EQ, 07-Mar-2025,149.86,149.79,153.68,148.22,149.4,149.59,151.01,14291801,21581.99,85240,3074572,21.51,Others
2025-03-10,IREDA, EQ, 10-Mar-2025,149.59,149.17,150.5,142.94,143.5,143.95,146.85,9928538,14579.67,80176,3014860,30.37,Others
2025-03-11,IREDA, EQ, 11-Mar-2025,143.95,141.21,142.78,139.29,142.5,141.98,141.15,12514353,17663.99,76327,3087583,24.67,Others
2025-03-12,IREDA, EQ, 12-Mar-2025,141.98,143.0,144.39,140.15,141.3,141.26,141.72,7642541,10830.99,48142,2004373,26.23,Others
2025-03-13,IREDA, EQ, 13-Mar-2025,141.26,142.0,142.45,139.21,139.73,139.85,140.64,7255248,10203.96,54910,2291753,31.59,Others
2025-03-17,IREDA, EQ, 17-Mar-2025,139.85,140.64,142.44,137.01,137.15,138.16,139.88,7494253,10483.24,53149,2593348,34.6,Others
2025-03-18,IREDA, EQ, 18-Mar-2025,138.16,140.25,147.3,139.98,147.2,145.95,143.98,23100355,33260.16,129803,5106284,22.1,Others
2025-03-19,IREDA, EQ, 19-Mar-2025,145.95,147.5,152.5,147.05,151.73,151.87,150.26,17305616,26002.79,85264,4237270,24.48,Others
2025-03-20,IREDA, EQ, 20-Mar-2025,151.87,153.12,154.8,149.0,149.66,149.96,151.18,13546511,20479.72,83126,4079366,30.11,Others
2025-03-21,IREDA, EQ, 21-Mar-2025,149.96,149.96,156.67,149.09,154.99,154.82,153.98,18386828,28312.46,94601,5368172,29.2,Others
2025-03-24,IREDA, EQ, 24-Mar-2025,154.82,156.35,173.3,156.23,170.5,170.04,167.6,73222288,122721.28,289676,10033384,13.7,Others
2025-03-25,IREDA, EQ, 25-Mar-2025,170.04,172.0,176.77,168.1,168.1,169.95,172.93,66572208,115121.64,293278,9345788,14.04,Others
2025-03-26,IREDA, EQ, 26-Mar-2025,169.95,170.0,171.0,162.25,162.7,162.92,166.92,27974467,46694.62,149592,5659961,20.23,Others
2025-03-27,IREDA, EQ, 27-Mar-2025,162.92,161.69,167.4,160.76,162.0,161.66,164.02,32379027,53109.46,151420,8428343,26.03,Others
2025-03-28,IREDA, EQ, 28-Mar-2025,161.66,163.3,166.77,159.0,159.5,160.59,163.4,17484881,28570.24,93794,4881963,27.92,Others
2025-04-01,IREDA, EQ, 01-Apr-2025,160.59,160.4,162.4,158.61,161.0,160.67,160.34,13301120,21327.63,75519,2721695,20.46,Others
2025-04-02,IREDA, EQ, 02-Apr-2025,160.67,161.5,162.1,157.5,161.8,161.42,159.96,11792518,18863.7,60339,2053714,17.42,Others
2025-04-03,IREDA, EQ, 03-Apr-2025,161.42,158.5,163.24,158.5,162.07,161.51,161.72,12848277,20777.89,62081,3147099,24.49,Others
2025-04-04,IREDA, EQ, 04-Apr-2025,161.51,162.07,162.59,154.7,156.88,156.45,157.61,12607809,19870.55,81484,3722206,29.52,Others
2025-04-07,IREDA, EQ, 07-Apr-2025,156.45,140.8,151.76,140.8,151.47,149.6,146.86,15255208,22403.5,120121,3745296,24.55,Others
2025-04-08,IREDA, EQ, 08-Apr-2025,149.6,157.0,157.0,152.06,154.55,153.85,154.39,11480673,17725.54,71791,2223222,19.36,Others
2025-04-09,IREDA, EQ, 09-Apr-2025,153.85,153.99,155.0,150.31,151.84,151.62,152.08,7522115,11439.87,49007,1800604,23.94,Others
2025-04-11,IREDA, EQ, 11-Apr-2025,151.62,156.5,157.68,153.2,154.25,154.2,154.45,8443458,13041.28,51142,2309103,27.35,Others
2025-04-15,IREDA, EQ, 15-Apr-2025,154.2,159.0,168.75,158.6,168.16,166.98,163.18,27595431,45030.28,126178,7023989,25.45,Others
2025-04-16,IREDA, EQ, 16-Apr-2025,166.98,177.03,179.68,174.0,176.41,176.39,176.89,115506723,204315.91,388965,13593612,11.77,Others
2025-04-17,IREDA, EQ, 17-Apr-2025,176.39,175.0,175.4,172.55,173.23,173.41,173.84,18860517,32787.45,88441,4263966,22.61,Others
2025-04-21,IREDA, EQ, 21-Apr-2025,173.41,173.9,176.41,171.1,175.2,175.67,174.05,16273864,28324.07,82294,5064558,31.12,Others
2025-04-22,IREDA, EQ, 22-Apr-2025,175.67,176.0,179.27,173.8,178.61,178.64,177.23,15586863,27624.51,90423,4909189,31.5,Others
2025-04-23,IREDA, EQ, 23-Apr-2025,178.64,179.8,183.2,174.0,177.98,177.73,178.27,31057252,55365.95,125316,6586578,21.21,Others
2025-04-24,IREDA, EQ, 24-Apr-2025,177.73,178.0,181.78,174.1,174.93,175.14,178.75,17775832,31774.54,84476,4602337,25.89,Others
2025-04-25,IREDA, EQ, 25-Apr-2025,175.14,175.14,176.43,166.35,166.71,167.55,169.65,17407389,29531.43,107558,4640699,26.66,Others
2025-04-28,IREDA, EQ, 28-Apr-2025,167.55,166.51,169.3,165.51,168.23,167.89,167.72,11231636,18837.18,63750,2765366,24.62,Others
2025-04-29,IREDA, EQ, 29-Apr-2025,167.89,168.73,171.14,167.7,168.19,168.11,169.3,7079798,11985.84,44202,1900610,26.85,Others
2025-04-30,IREDA, EQ, 30-Apr-2025,168.11,168.0,168.49,164.6,166.0,167.06,166.68,10981945,18304.52,51522,2660866,24.23,Others
2025-05-02,IREDA, EQ, 02-May-2025,167.06,166.15,168.2,164.3,165.4,165.72,166.4,8363436,13917.02,53688,2134843,25.53,Others
2025-05-05,IREDA, EQ, 05-May-2025,165.72,166.3,169.6,165.15,168.52,168.75,167.13,7919383,13235.75,45333,2046121,25.84,Others
2025-05-06,IREDA, EQ, 06-May-2025,168.75,168.51,168.74,159.75,160.6,160.23,163.0,10925576,17809.04,73410,3653454,33.44,Others
2025-05-07,IREDA, EQ, 07-May-2025,160.23,157.03,163.0,156.55,162.51,162.37,160.59,12392991,19902.14,63949,2757207,22.25,Others
2025-05-08,IREDA, EQ, 08-May-2025,162.37,163.49,164.95,157.45,157.8,158.79,162.1,6856306,11114.4,47934,2038584,29.73,Others
2025-05-09,IREDA, EQ, 09-May-2025,158.79,153.2,158.0,153.0,157.9,156.48,155.01,11637047,18038.02,84650,3080775,26.47,Others
2025-05-12,IREDA, EQ, 12-May-2025,156.48,165.0,168.85,163.0,168.52,168.0,166.0,12043565,19992.17,66474,3497399,29.04,Others
2025-05-13,IREDA, EQ, 13-May-2025,168.0,168.5,169.31,166.15,167.5,167.08,167.82,8514560,14288.86,52236,2778239,32.63,Others
2025-05-14,IREDA, EQ, 14-May-2025,167.08,168.0,170.59,166.05,168.1,167.79,167.89,11858299,19908.46,60513,3393604,28.62,Others
2025-05-15,IREDA, EQ, 15-May-2025,167.79,166.99,169.25,165.31,166.8,166.75,166.78,14774415,24641.22,76504,5211554,35.27,Others
2025-05-16,IREDA, EQ, 16-May-2025,166.75,167.5,175.98,167.02,173.0,173.29,172.57,24274411,41889.52,114481,6302522,25.96,Others
2025-05-19,IREDA, EQ, 19-May-2025,173.29,174.2,178.52,172.9,174.49,174.23,175.84,17216917,30274.17,82727,5337384,31.0,Others
2025-05-20,IREDA, EQ, 20-May-2025,174.23,175.5,175.9,169.16,169.7,169.53,171.47,9069123,15551.19,57505,3321197,36.62,Others
2025-05-21,IREDA, EQ, 21-May-2025,169.53,169.7,173.0,167.49,172.3,172.21,171.02,9749056,16672.62,54389,2371786,24.33,Others
2025-05-22,IREDA, EQ, 22-May-2025,172.21,170.5,171.9,168.31,170.85,170.7,170.21,7076795,12045.44,51766,1926106,27.22,Others
2025-05-23,IREDA, EQ, 23-May-2025,170.7,171.0,172.45,169.23,171.67,171.85,171.17,6901899,11814.26,40343,1925283,27.89,Others
2025-05-26,IREDA, EQ, 26-May-2025,171.85,171.85,175.19,171.85,173.45,173.55,173.51,9838997,17071.53,53880,3161873,32.14,Others
2025-05-27,IREDA, EQ, 27-May-2025,173.55,173.8,175.65,171.28,175.25,175.24,173.84,8393528,14591.0,45408,3017253,35.95,Others
2025-05-28,IREDA, EQ, 28-May-2025,175.24,176.0,177.5,173.11,173.35,173.6,175.14,8484251,14859.28,51229,3178283,37.46,Others
2025-05-29,IREDA, EQ, 29-May-2025,173.6,174.64,177.2,173.45,176.95,176.65,175.92,11420748,20091.07,59865,4291791,37.58,Others
2025-05-30,IREDA, EQ, 30-May-2025,176.65,177.14,177.9,173.25,175.04,174.73,175.2,8450040,14804.42,48759,2762188,32.69,Others
2025-06-02,IREDA, EQ, 02-Jun-2025,174.73,174.69,176.4,173.01,175.0,175.21,175.08,6894857,12071.23,44791,2257046,32.74,Others
2025-06-03,IREDA, EQ, 03-Jun-2025,175.21,175.5,175.5,171.69,172.7,172.73,172.98,10167418,17587.96,67525,2638704,25.95,Others
2025-06-04,IREDA, EQ, 04-Jun-2025,172.73,172.69,176.75,171.5,173.5,174.0,174.54,12917090,22545.8,66384,2881669,22.31,Others
2025-06-05,IREDA, EQ, 05-Jun-2025,174.0,174.49,179.0,174.22,176.5,176.44,176.9,17252049,30519.71,84316,4851644,28.12,Others
2025-06-06,IREDA, EQ, 06-Jun-2025,176.44,174.0,175.94,172.51,175.0,174.87,174.37,16430543,28649.87,75849,3752075,22.84,Others
2025-06-09,IREDA, EQ, 09-Jun-2025,174.87,175.69,186.58,175.36,183.25,183.24,182.75,55881568,102123.0,229775,13831021,24.75,Others
2025-06-10,IREDA, EQ, 10-Jun-2025,183.24,184.39,185.94,181.6,182.57,182.46,183.53,23494178,43117.98,109772,7103486,30.24,Others
2025-06-11,IREDA, EQ, 11-Jun-2025,182.46,181.9,184.48,179.5,182.5,182.34,182.16,20354805,37078.03,91643,6100856,29.97,Others
2025-06-12,IREDA, EQ, 12-Jun-2025,182.34,182.2,183.49,174.5,175.23,175.55,178.38,15247001,27198.22,82428,6866322,45.03,Others
2025-06-13,IREDA, EQ, 13-Jun-2025,175.55,167.0,170.14,162.77,167.95,167.26,167.68,40050180,67157.28,199652,18169452,45.37,Others
2025-06-16,IREDA, EQ, 16-Jun-2025,167.26,168.0,170.09,165.0,167.71,167.93,167.87,14839323,24910.84,78491,5488417,36.99,Others
2025-06-17,IREDA, EQ, 17-Jun-2025,167.93,168.0,169.25,164.52,165.0,164.97,166.63,10983695,18302.01,63673,5483569,49.92,Others
2025-06-18,IREDA, EQ, 18-Jun-2025,164.97,165.1,166.95,163.81,165.2,165.21,165.22,8146064,13458.62,43598,2763446,33.92,Others
2025-06-19,IREDA, EQ, 19-Jun-2025,165.21,165.0,167.14,158.05,158.1,158.75,161.09,19471217,31366.31,118239,7745151,39.78,Others
2025-06-20,IREDA, EQ, 20-Jun-2025,158.75,162.6,166.5,159.81,165.4,165.07,163.83,32577822,53372.13,155512,6639044,20.38,Others
2025-06-23,IREDA, EQ, 23-Jun-2025,165.07,162.99,166.7,162.5,165.65,165.47,165.19,12608797,20828.37,58155,3494189,27.71,Others
2025-06-24,IREDA, EQ, 24-Jun-2025,165.47,168.0,169.0,165.61,166.09,166.17,167.28,12169462,20357.52,69913,4139451,34.02,Others
2025-06-25,IREDA, EQ, 25-Jun-2025,166.17,167.0,172.64,166.64,172.0,171.6,170.53,20188007,34425.83,88890,6834786,33.86,Others
2025-06-26,IREDA, EQ, 26-Jun-2025,171.6,172.55,173.1,169.05,170.97,170.93,170.59,11124273,18977.11,60860,3912002,35.17,Others
2025-06-27,IREDA, EQ, 27-Jun-2025,170.93,171.48,172.5,169.1,169.78,169.5,170.76,11806174,20160.69,60839,5734559,48.57,Others
2025-06-30,IREDA, EQ, 30-Jun-2025,169.5,170.26,172.4,169.41,170.2,170.13,170.79,7327935,12515.65,47972,2763820,37.72,Others
2025-07-01,IREDA, EQ, 01-Jul-2025,170.13,171.8,174.6,169.4,170.6,170.39,171.34,17480249,29950.67,80222,5102238,29.19,Others
2025-07-02,IREDA, EQ, 02-Jul-2025,170.39,171.01,171.3,167.33,168.11,168.23,168.86,8179033,13811.23,53193,3290501,40.23,Others
2025-07-03,IREDA, EQ, 03-Jul-2025,168.23,168.3,168.75,166.8,167.29,167.52,167.88,5327265,8943.51,35199,2124378,39.88,Others
2025-07-04,IREDA, EQ, 04-Jul-2025,167.52,167.83,168.3,165.53,167.0,166.67,166.88,5613838,9368.23,48519,2395657,42.67,Others
2025-07-07,IREDA, EQ, 07-Jul-2025,166.67,166.67,167.88,165.71,166.65,167.13,166.96,4183895,6985.29,33402,1386893,33.15,Others
2025-07-08,IREDA, EQ, 08-Jul-2025,167.13,167.5,167.97,165.2,166.59,166.48,166.53,4694765,7818.25,34769,1659651,35.35,Others
2025-07-09,IREDA, EQ, 09-Jul-2025,166.48,167.1,167.27,164.12,166.2,165.91,165.46,8823909,14600.4,53272,3194042,36.2,Others
2025-07-10,IREDA, EQ, 10-Jul-2025,165.91,167.0,170.16,167.0,169.88,169.64,168.96,20692786,34963.35,89736,6857575,33.14,Others
2025-07-11,IREDA, EQ, 11-Jul-2025,169.64,161.0,163.55,159.75,160.0,160.0,161.25,40559918,65401.02,218997,13931743,34.35,Others
2025-07-14,IREDA, EQ, 14-Jul-2025,160.0,160.0,160.0,156.5,159.1,159.0,158.5,11904949,18869.19,70733,3080307,25.87,Others
2025-07-15,IREDA, EQ, 15-Jul-2025,159.0,160.0,160.75,158.91,159.7,159.64,159.92,7758098,12407.09,44641,2349779,30.29,Others
2025-07-16,IREDA, EQ, 16-Jul-2025,159.64,160.0,160.8,159.5,160.0,160.03,160.13,5109899,8182.25,34843,2107968,41.25,Others
2025-07-17,IREDA, EQ, 17-Jul-2025,160.03,160.5,160.75,159.01,159.19,159.24,159.63,4479996,7151.32,36724,1889927,42.19,Others
2025-07-18,IREDA, EQ, 18-Jul-2025,159.24,159.59,159.7,157.1,157.14,157.39,158.07,4930315,7793.5,48706,2288731,46.42,Others
2025-07-21,IREDA, EQ, 21-Jul-2025,157.39,157.39,158.29,155.61,157.4,157.3,157.28,5457193,8583.21,38272,2066849,37.87,Others
2025-07-22,IREDA, EQ, 22-Jul-2025,157.3,157.48,158.49,156.0,156.22,156.22,157.07,4399404,6910.25,42912,1717456,39.04,Others
2025-07-23,IREDA, EQ, 23-Jul-2025,156.22,156.5,157.5,155.25,157.3,156.91,156.26,4995506,7805.92,41273,1887970,37.79,Others
2025-07-24,IREDA, EQ, 24-Jul-2025,156.91,156.98,158.07,156.0,156.2,156.21,156.88,4352512,6828.07,35694,1623501,37.3,Others
2025-07-25,IREDA, EQ, 25-Jul-2025,156.21,156.2,156.35,153.0,153.15,153.25,154.32,5486698,8467.04,48435,2078592,37.88,Others
2025-07-28,IREDA, EQ, 28-Jul-2025,153.25,153.25,155.79,149.9,150.18,150.49,152.72,6316214,9646.26,63522,2229996,35.31,Others
2025-07-29,IREDA, EQ, 29-Jul-2025,150.49,150.49,150.97,147.11,150.74,150.49,149.22,7688547,11472.72,60741,2190032,28.48,Others
2025-07-30,IREDA, EQ, 30-Jul-2025,150.49,150.92,151.77,150.0,150.1,150.22,150.78,5136389,7744.49,32561,1524412,29.68,Others
2025-07-31,IREDA, EQ, 31-Jul-2025,150.22,149.0,150.16,145.0,147.45,147.38,148.59,7208345,10711.01,55787,2008244,27.86,Others
2025-08-01,IREDA, EQ, 01-Aug-2025,147.38,147.45,148.65,145.2,146.0,145.69,147.19,5314027,7821.89,45777,1915384,36.04,Others
2025-08-04,IREDA, EQ, 04-Aug-2025,145.69,146.5,148.49,145.86,148.46,148.03,147.45,5468185,8062.91,35617,2318852,42.41,Others
2025-08-05,IREDA, EQ, 05-Aug-2025,148.03,148.03,149.0,146.0,146.7,146.63,147.26,3921938,5775.41,38354,1525753,38.9,Others
2025-08-06,IREDA, EQ, 06-Aug-2025,146.63,146.77,147.32,143.62,144.38,144.36,145.21,4802241,6973.27,39869,1493197,31.09,Others
2025-08-07,IREDA, EQ, 07-Aug-2025,144.36,143.8,145.45,140.26,145.45,144.57,142.75,6734089,9612.58,54321,1858920,27.6,Others
2025-08-08,IREDA, EQ, 08-Aug-2025,144.57,145.01,145.55,142.0,142.3,142.32,143.8,4286844,6164.37,45596,1659068,38.7,Others
2025-08-11,IREDA, EQ, 11-Aug-2025,142.32,142.6,145.09,141.55,144.9,144.86,143.79,4381853,6300.73,40163,1464316,33.42,Others
2025-08-12,IREDA, EQ, 12-Aug-2025,144.86,144.9,145.94,143.3,143.5,143.57,144.66,2899573,4194.59,27221,1086416,37.47,Others
2025-08-13,IREDA, EQ, 13-Aug-2025,143.57,144.25,145.0,143.25,144.25,144.24,144.14,3146940,4535.94,27930,1206809,38.35,Others
2025-08-14,IREDA, EQ, 14-Aug-2025,144.24,144.24,145.0,143.0,143.9,143.86,143.81,2888240,4153.58,27511,990774,34.3,Others
2025-08-18,IREDA, EQ, 18-Aug-2025,143.86,145.54,148.4,144.9,147.5,147.39,146.84,6107771,8968.44,40226,1970812,32.27,Others
2025-08-19,IREDA, EQ, 19-Aug-2025,147.39,147.9,149.1,146.57,148.94,148.91,148.03,3724924,5514.06,28735,1235610,33.17,Others
2025-08-20,IREDA, EQ, 20-Aug-2025,148.91,148.91,149.5,147.79,148.9,148.78,148.75,3377666,5024.41,32576,1307750,38.72,Others
2025-08-21,IREDA, EQ, 21-Aug-2025,148.78,148.9,151.99,146.61,147.1,147.28,149.64,8194223,12261.46,46865,2682152,32.73,Others
2025-08-22,IREDA, EQ, 22-Aug-2025,147.28,147.1,149.2,146.6,147.4,147.48,148.05,3658082,5415.79,27302,1120260,30.62,Others
2025-08-25,IREDA, EQ, 25-Aug-2025,147.48,147.98,149.48,146.73,148.15,147.7,148.22,5109249,7572.69,37733,1933352,37.84,Others
2025-08-26,IREDA, EQ, 26-Aug-2025,147.7,147.95,148.67,143.8,144.16,144.17,145.34,5093969,7403.56,43519,1789123,35.12,Others
2025-08-28,IREDA, EQ, 28-Aug-2025,144.17,144.0,144.65,140.63,141.0,141.03,142.53,7014954,9998.25,58947,2427977,34.61,Others
2025-08-29,IREDA, EQ, 29-Aug-2025,141.03,141.49,142.5,140.01,140.74,140.5,140.94,5708698,8045.63,39869,2033992,35.63,Others
2025-09-01,IREDA, EQ, 01-Sep-2025,140.5,141.15,142.74,140.76,142.74,142.51,142.0,4554608,6467.33,36645,1877675,41.23,Others
2025-09-02,IREDA, EQ, 02-Sep-2025,142.51,143.25,146.75,142.45,144.2,144.14,144.67,6130396,8869.06,39201,1612218,26.3,Others
2025-09-03,IREDA, EQ, 03-Sep-2025,144.14,144.8,146.0,144.5,145.95,145.7,145.32,3407827,4952.11,27720,1263782,37.08,Others
2025-09-04,IREDA, EQ, 04-Sep-2025,145.7,147.69,147.8,143.77,144.1,144.01,145.71,4245679,6186.56,31880,1598249,37.64,Others
2025-09-05,IREDA, EQ, 05-Sep-2025,144.01,144.8,146.21,143.2,145.89,145.51,144.88,3657064,5298.48,25946,1055092,28.85,Others
2025-09-08,IREDA, EQ, 08-Sep-2025,145.51,146.01,147.3,145.28,145.8,145.55,146.32,2882119,4217.06,27004,1151686,39.96,Others
2025-09-09,IREDA, EQ, 09-Sep-2025,145.55,145.69,146.19,144.36,145.46,145.09,145.27,2521588,3663.03,29973,972563,38.57,Others
2025-09-10,IREDA, EQ, 10-Sep-2025,145.09,145.44,149.1,145.44,147.99,147.57,147.74,6625296,9788.0,36711,2382129,35.96,Others
2025-09-11,IREDA, EQ, 11-Sep-2025,147.57,147.57,148.46,146.5,146.99,146.63,147.4,3591765,5294.27,27159,1303806,36.3,Others
2025-09-12,IREDA, EQ, 12-Sep-2025,146.63,147.4,148.46,146.73,147.73,147.35,147.47,4417254,6513.94,31706,1360785,30.81,Others
2025-09-15,IREDA, EQ, 15-Sep-2025,147.35,147.9,154.44,147.89,152.44,152.37,152.56,17984216,27436.06,97381,4100801,22.8,Others
2025-09-16,IREDA, EQ, 16-Sep-2025,152.37,152.85,153.42,150.56,153.0,152.94,152.28,5429477,8268.23,36574,1725243,31.78,Others
2025-09-17,IREDA, EQ, 17-Sep-2025,152.94,153.69,154.69,153.0,154.17,153.97,153.71,5633032,8658.66,37231,2191887,38.91,Others
2025-09-18,IREDA, EQ, 18-Sep-2025,153.97,154.8,159.29,154.2,155.4,155.53,156.95,17949103,28171.53,86380,4277102,23.83,Others
2025-09-19,IREDA, EQ, 19-Sep-2025,155.53,155.51,161.2,154.11,160.6,160.87,159.87,26176765,41847.84,106497,9980644,38.13,Others
2025-09-22,IREDA, EQ, 22-Sep-2025,160.87,160.85,163.35,158.3,158.75,159.06,161.03,14677794,23636.02,78706,4618759,31.47,Others
2025-09-23,IREDA, EQ, 23-Sep-2025,159.06,159.3,159.81,155.0,155.59,155.64,156.42,8095947,12663.93,48767,3396749,41.96,Others
2025-09-24,IREDA, EQ, 24-Sep-2025,155.64,155.5,156.3,152.2,152.67,152.68,154.4,5142721,7940.56,37841,1689880,32.86,Others
2025-09-25,IREDA, EQ, 25-Sep-2025,152.68,152.5,155.4,149.81,150.39,150.27,152.35,5060148,7709.23,35248,1625349,32.12,Others
2025-09-26,IREDA, EQ, 26-Sep-2025,150.27,149.99,150.26,146.0,146.69,146.28,147.69,5121293,7563.38,47639,1973195,38.53,Others
2025-09-29,IREDA, EQ, 29-Sep-2025,146.28,146.9,150.62,146.63,149.12,148.78,149.34,6447550,9628.59,43382,2003174,31.07,Others
2025-09-30,IREDA, EQ, 30-Sep-2025,148.78,149.59,150.75,147.26,150.0,148.7,148.88,5826154,8674.19,36004,1993522,34.22,Others
2025-10-01,IREDA, EQ, 01-Oct-2025,148.7,151.68,155.37,149.77,152.81,152.68,152.67,21170795,32321.86,83889,2591151,12.24,Others
2025-10-03,IREDA, EQ, 03-Oct-2025,152.68,152.65,156.4,151.8,154.31,154.09,153.67,10126517,15561.73,53801,2658508,26.25,Others
2025-10-06,IREDA, EQ, 06-Oct-2025,154.09,154.09,154.75,150.51,151.35,151.16,151.67,6858953,10402.87,41838,2288416,33.36,Others
2025-10-07,IREDA, EQ, 07-Oct-2025,151.16,151.16,153.42,150.5,152.8,152.44,152.04,5953210,9051.15,34273,1745303,29.32,Others
2025-10-08,IREDA, EQ, 08-Oct-2025,152.44,152.45,152.99,148.4,148.5,148.64,149.93,6214215,9317.04,47910,2489967,40.07,Others
2025-10-09,IREDA, EQ, 09-Oct-2025,148.64,148.64,150.0,147.01,149.6,148.85,148.47,7966035,11826.85,58754,3293627,41.35,Others
2025-10-10,IREDA, EQ, 10-Oct-2025,148.85,149.3,152.25,149.0,151.09,150.96,151.02,4967262,7501.43,27515,1782706,35.89,Others
2025-10-13,IREDA, EQ, 13-Oct-2025,150.96,149.9,150.8,148.57,150.15,150.07,149.5,4860814,7267.09,31086,1787717,36.78,Others
2025-10-14,IREDA, EQ, 14-Oct-2025,150.07,151.0,155.86,148.31,154.5,154.52,153.76,44012398,67671.28,171620,5996635,13.62,Others
2025-10-15,IREDA, EQ, 15-Oct-2025,154.52,156.39,158.7,153.29,155.19,154.89,156.21,28256777,44140.54,114268,5258383,18.61,Others
2025-10-16,IREDA, EQ, 16-Oct-2025,154.89,155.9,156.0,152.86,153.01,153.13,154.12,8073946,12443.65,42089,2823029,34.96,Others
2025-10-17,IREDA, EQ, 17-Oct-2025,153.13,153.0,153.38,149.63,151.42,151.05,151.56,7076999,10725.74,43014,2273037,32.12,Others
2025-10-20,IREDA, EQ, 20-Oct-2025,151.05,151.54,154.98,151.54,153.42,153.25,153.15,6935396,10621.81,34932,1916497,27.63,Others
2025-10-21,IREDA, EQ, 21-Oct-2025,153.25,153.0,154.02,152.66,153.0,153.14,153.32,1964004,3011.17,21918,1059833,53.97,Others
2025-10-23,IREDA, EQ, 23-Oct-2025,153.14,153.65,155.39,153.03,153.31,153.54,154.34,6341599,9787.34,32229,2684604,42.33,Others
2025-10-24,IREDA, EQ, 24-Oct-2025,153.54,153.54,155.19,152.75,153.47,153.4,153.96,6503396,10012.44,32629,1410229,21.68,Others
2025-10-27,IREDA, EQ, 27-Oct-2025,153.4,153.58,155.75,153.13,153.44,153.37,154.5,7162776,11066.29,37399,2684519,37.48,Others
2025-10-28,IREDA, EQ, 28-Oct-2025,153.37,153.9,153.99,150.9,151.65,151.47,152.13,8270601,12582.06,41245,2854150,34.51,Others
2025-10-29,IREDA, EQ, 29-Oct-2025,151.47,151.74,156.75,151.15,156.43,155.57,154.26,9965445,15373.17,42296,4818369,48.35,Others
2025-10-30,IREDA, EQ, 30-Oct-2025,155.57,155.96,156.66,153.11,153.74,153.74,154.31,5699289,8794.4,32125,2010952,35.28,Others
2025-10-31,IREDA, EQ, 31-Oct-2025,153.74,153.74,154.75,151.42,152.14,151.93,152.98,4278444,6545.08,27424,1948908,45.55,Others
2025-11-03,IREDA, EQ, 03-Nov-2025,151.93,152.15,153.74,151.56,153.49,153.3,152.97,3593706,5497.45,23945,1396430,38.86,Others
2025-11-04,IREDA, EQ, 04-Nov-2025,153.3,153.44,153.44,150.45,151.2,151.01,151.66,5500388,8342.09,34835,1905208,34.64,Others
2025-11-06,IREDA, EQ, 06-Nov-2025,151.01,151.2,151.5,148.2,148.38,148.56,149.34,5841929,8724.06,40464,2737072,46.85,Others
2025-11-07,IREDA, EQ, 07-Nov-2025,148.56,148.0,150.39,146.25,149.88,149.37,148.23,5338117,7912.73,32053,1816292,34.02,Others
2025-11-10,IREDA, EQ, 10-Nov-2025,149.37,149.95,150.25,148.42,148.99,148.71,149.21,3224588,4811.5,26679,1243247,38.56,Others
2025-11-11,IREDA, EQ, 11-Nov-2025,148.71,148.9,149.39,146.58,149.25,149.04,148.13,4634146,6864.37,31238,1411878,30.47,Others
2025-11-12,IREDA, EQ, 12-Nov-2025,149.04,149.76,153.48,149.55,150.96,150.93,151.75,6667190,10117.25,33754,2120053,31.8,Others
2025-11-13,IREDA, EQ, 13-Nov-2025,150.93,150.96,152.13,149.05,149.55,149.29,150.49,4602992,6926.85,29104,1587998,34.5,Others
2025-11-14,IREDA, EQ, 14-Nov-2025,149.29,149.51,150.95,148.31,149.7,149.61,149.54,5447973,8147.14,27254,858347,15.76,Others
2025-11-17,IREDA, EQ, 17-Nov-2025,149.61,149.61,152.38,149.51,151.09,150.71,150.94,5346259,8069.53,28973,2362373,44.19,Others
2025-11-18,IREDA, EQ, 18-Nov-2025,150.71,151.0,151.0,148.0,148.14,148.08,148.71,5482207,8152.53,36656,2397819,43.74,Others
2025-11-19,IREDA, EQ, 19-Nov-2025,148.08,148.0,148.37,146.5,147.3,147.1,147.08,3350146,4927.53,25441,1225031,36.57,Others
2025-11-20,IREDA, EQ, 20-Nov-2025,147.1,147.29,148.16,146.45,146.8,146.64,147.19,3146750,4631.63,24209,1151503,36.59,Others
2025-11-21,IREDA, EQ, 21-Nov-2025,146.64,146.5,146.77,144.0,144.2,144.41,145.16,4102741,5955.73,32142,1620155,39.49,Others
2025-11-24,IREDA, EQ, 24-Nov-2025,144.41,144.41,145.16,142.2,142.5,142.49,143.66,3755997,5395.73,33804,1503942,40.04,Others
2025-11-25,IREDA, EQ, 25-Nov-2025,142.49,142.49,143.28,140.53,141.5,141.36,141.8,4975277,7055.08,36900,2226400,44.75,Others
2025-11-26,IREDA, EQ, 26-Nov-2025,141.36,142.11,144.79,142.1,144.5,144.35,143.98,3691030,5314.35,22901,1402604,38.0,Others
2025-11-27,IREDA, EQ, 27-Nov-2025,144.35,144.44,145.48,143.1,143.62,143.76,144.12,2478216,3571.62,21969,886029,35.75,Others
2025-11-28,IREDA, EQ, 28-Nov-2025,143.76,143.92,144.2,142.42,142.99,142.9,142.84,2469997,3528.12,23093,1001105,40.53,Others
2025-12-01,IREDA, EQ, 01-Dec-2025,142.9,142.9,144.3,142.0,142.25,142.48,142.89,3070252,4387.19,25525,1069389,34.83,Others
2025-12-02,IREDA, EQ, 02-Dec-2025,142.48,142.01,142.39,139.61,140.48,140.18,140.65,5527876,7774.96,44203,2548695,46.11,Others
2025-12-03,IREDA, EQ, 03-Dec-2025,140.18,140.24,140.95,136.2,137.15,136.84,138.02,6328520,8734.83,51133,2739700,43.29,Others
2025-12-04,IREDA, EQ, 04-Dec-2025,136.84,137.0,138.8,136.3,136.71,136.75,137.26,4460457,6122.38,31782,1512093,33.9,Others
2025-12-05,IREDA, EQ, 05-Dec-2025,136.75,136.75,137.29,132.0,133.85,133.4,133.5,11660475,15566.33,75815,3753483,32.19,Others
2025-12-08,IREDA, EQ, 08-Dec-2025,133.4,133.69,134.75,129.78,131.05,131.21,131.85,9036262,11914.27,59369,4054372,44.87,Others
2025-12-09,IREDA, EQ, 09-Dec-2025,131.21,131.0,134.98,129.11,134.72,134.46,132.24,10090650,13344.07,56407,3394740,33.64,Others
2025-12-10,IREDA, EQ, 10-Dec-2025,134.46,135.0,136.33,132.0,132.6,133.02,134.33,5960605,8006.79,36984,2222047,37.28,Others
2025-12-11,IREDA, EQ, 11-Dec-2025,133.02,133.02,134.91,132.25,134.49,134.48,133.95,4341676,5815.71,30387,1332501,30.69,Others
2025-12-12,IREDA, EQ, 12-Dec-2025,134.48,135.0,136.64,134.5,135.91,136.18,135.37,3598713,4871.64,25148,1413916,39.29,Others
2025-12-15,IREDA, EQ, 15-Dec-2025,136.18,136.16,136.16,134.5,135.14,135.46,135.34,2980237,4033.58,21254,1257765,42.2,Others
2025-12-16,IREDA, EQ, 16-Dec-2025,135.46,135.46,135.5,133.25,133.35,133.87,134.19,2540425,3409.04,24049,995517,39.19,Others
2025-12-17,IREDA, EQ, 17-Dec-2025,133.87,133.5,134.21,131.0,131.1,131.43,132.26,4043309,5347.62,31476,1569811,38.82,Others
2025-12-18,IREDA, EQ, 18-Dec-2025,131.43,131.3,132.6,129.58,131.25,131.42,131.23,4469203,5864.78,27213,1336455,29.9,Others
2025-12-19,IREDA, EQ, 19-Dec-2025,131.42,132.0,133.42,131.05,133.0,133.19,132.24,4037139,5338.58,30951,1599427,39.62,Others
2025-12-22,IREDA, EQ, 22-Dec-2025,133.19,134.0,136.41,133.77,135.7,135.67,135.62,5217248,7075.87,32306,1658953,31.8,Others
2025-12-23,IREDA, EQ, 23-Dec-2025,135.67,136.2,141.1,135.38,139.0,138.73,138.85,13763143,19110.77,62122,3813505,27.71,Others
2025-12-24,IREDA, EQ, 24-Dec-2025,138.73,139.0,139.95,137.55,137.75,138.1,138.77,5479430,7603.78,33973,2079362,37.95,Others
2025-12-26,IREDA, EQ, 26-Dec-2025,138.1,137.76,143.3,137.21,140.86,140.99,141.74,22038445,31236.7,78553,7205701,32.7,Others
2025-12-29,IREDA, EQ, 29-Dec-2025,140.99,141.99,142.75,138.1,138.65,138.71,140.24,7619648,10685.99,42216,2435581,31.96,Others
2025-12-30,IREDA, EQ, 30-Dec-2025,138.71,138.69,138.69,135.62,137.25,136.86,136.86,6007412,8221.93,35249,2665847,44.38,Others
2025-12-31,IREDA, EQ, 31-Dec-2025,136.86,136.86,141.25,136.85,139.71,139.9,140.09,7422921,10398.74,35656,1906793,25.69,Others
2026-01-01,IREDA, EQ, 01-Jan-2026,139.9,141.0,142.3,138.74,139.15,139.36,140.17,8273710,11597.66,37100,2334562,28.22,Others
2026-01-02,IREDA, EQ, 02-Jan-2026,139.36,140.05,147.6,140.05,146.98,146.64,144.94,28577864,41420.89,113244,8402257,29.4,Others
2026-01-05,IREDA, EQ, 05-Jan-2026,146.64,147.5,149.48,143.64,144.27,144.57,145.97,12236304,17861.81,57955,4672264,38.18,Others
2026-01-06,IREDA, EQ, 06-Jan-2026,144.57,144.59,146.02,142.33,143.55,143.55,144.02,8695194,12522.68,39641,2158363,24.82,Others
2026-01-07,IREDA, EQ, 07-Jan-2026,143.55,143.7,146.3,142.85,146.13,146.03,145.02,9089693,13182.12,46735,2839711,31.24,Others
2026-01-08,IREDA, EQ, 08-Jan-2026,146.03,146.3,146.9,140.5,140.95,141.18,142.99,10554455,15091.9,53727,3518806,33.34,Others
2026-01-09,IREDA, EQ, 09-Jan-2026,141.18,141.0,141.64,135.6,137.1,136.61,138.33,15649670,21648.7,73051,4216568,26.94,Others
2026-01-12,IREDA, EQ, 12-Jan-2026,136.61,139.99,142.48,137.46,141.95,141.5,140.32,50046560,70222.96,175406,5515595,11.02,Others
2026-01-13,IREDA, EQ, 13-Jan-2026,141.5,141.4,143.0,138.25,140.1,139.99,139.9,15616131,21846.76,60791,2923811,18.72,Others
2026-01-14,IREDA, EQ, 14-Jan-2026,139.99,139.0,141.75,137.7,138.06,138.1,139.32,8600026,11981.42,47156,2361501,27.46,Others
2026-01-16,IREDA, EQ, 16-Jan-2026,138.1,138.77,139.48,135.56,136.24,136.29,137.47,8246756,11336.75,44969,2499914,30.31,Others
2026-01-19,IREDA, EQ, 19-Jan-2026,136.29,136.29,136.44,133.78,133.99,134.59,134.91,10537465,14216.5,47578,3472662,32.96,Others
2026-01-20,IREDA, EQ, 20-Jan-2026,134.59,134.41,134.81,129.45,130.3,129.94,131.48,11729376,15422.04,77063,3726755,31.77,Others
2026-01-21,IREDA, EQ, 21-Jan-2026,129.94,129.94,131.1,126.27,127.88,127.38,128.43,13750584,17660.47,80857,3585471,26.08,Others
2026-01-22,IREDA, EQ, 22-Jan-2026,127.38,129.53,131.55,128.6,130.51,129.93,130.02,8580673,11156.37,41950,3280267,38.23,Others
2026-01-23,IREDA, EQ, 23-Jan-2026,129.93,130.51,130.99,127.0,127.8,127.4,129.13,8841839,11417.16,48594,2960650,33.48,Others
2026-01-27,IREDA, EQ, 27-Jan-2026,127.4,127.8,130.0,126.15,129.99,128.88,128.12,10136248,12986.56,45543,3463174,34.17,Others
2026-01-28,IREDA, EQ, 28-Jan-2026,128.88,129.99,134.35,129.01,134.19,133.87,131.26,10440084,13703.35,65842,3388622,32.46,Others
2026-01-29,IREDA, EQ, 29-Jan-2026,133.87,134.5,134.61,131.65,133.29,133.26,133.01,6860132,9124.91,38560,2751079,40.1,Others
2026-01-30,IREDA, EQ, 30-Jan-2026,133.26,132.03,132.95,130.5,132.27,132.08,131.83,6513022,8586.28,41434,2191796,33.65,Others
2026-02-01,IREDA, EQ, 01-Feb-2026,132.08,132.88,136.14,124.11,128.95,128.24,131.74,14269538,18798.43,80351,3244625,22.74,Others
2026-02-02,IREDA, EQ, 02-Feb-2026,128.24,128.21,128.6,124.25,128.3,127.44,126.11,9565522,12063.08,60052,2761437,28.87,Others
2026-02-03,IREDA, EQ, 03-Feb-2026,127.44,133.55,134.67,129.29,129.5,129.54,130.94,8032191,10517.46,44131,2907006,36.19,Others
2026-02-04,IREDA, EQ, 04-Feb-2026,129.54,129.54,132.5,128.4,132.15,131.76,130.62,7136455,9321.83,39175,2176873,30.5,Others
2026-02-05,IREDA, EQ, 05-Feb-2026,131.76,131.76,132.16,129.11,129.98,129.93,130.13,5242856,6822.47,31400,1479878,28.23,Others
2026-02-06,IREDA, EQ, 06-Feb-2026,129.93,129.14,129.56,125.85,128.69,128.29,127.31,10282823,13090.62,54828,2921786,28.41,Others
2026-02-09,IREDA, EQ, 09-Feb-2026,128.29,129.5,130.45,128.56,128.86,128.81,129.26,5427943,7016.15,31061,2181242,40.19,Others
2026-02-10,IREDA, EQ, 10-Feb-2026,128.81,129.1,130.41,128.6,129.05,129.28,129.39,4986434,6452.1,34393,1706650,34.23,Others
2026-02-11,IREDA, EQ, 11-Feb-2026,129.28,129.28,129.5,125.4,126.62,126.67,126.54,12883457,16303.28,63239,4928488,38.25,Others
2026-02-12,IREDA, EQ, 12-Feb-2026,126.67,126.3,126.4,124.1,125.0,125.22,124.81,10994504,13722.29,64724,3646195,33.16,Others
2026-02-13,IREDA, EQ, 13-Feb-2026,125.22,124.55,124.58,121.65,123.73,123.56,122.84,10190497,12517.89,56178,2781173,27.29,Others
2026-02-16,IREDA, EQ, 16-Feb-2026,123.56,123.4,127.75,122.26,126.85,127.07,126.31,12339521,15586.64,51576,3684642,29.86,Others
2026-02-17,IREDA, EQ, 17-Feb-2026,127.07,127.07,127.59,126.25,127.25,127.03,126.92,5252696,6666.98,23288,1613704,30.72,Others
2026-02-18,IREDA, EQ, 18-Feb-2026,127.03,127.13,128.55,126.13,127.64,127.87,127.4,4939699,6293.41,26764,1719336,34.81,Others
2026-02-19,IREDA, EQ, 19-Feb-2026,127.87,127.87,128.79,125.0,125.15,125.72,126.74,4783277,6062.55,29660,1634599,34.17,Others
2026-02-20,IREDA, EQ, 20-Feb-2026,125.72,125.0,127.74,124.5,126.49,126.65,126.64,5752620,7285.2,27857,2089748,36.33,Others
2026-02-23,IREDA, EQ, 23-Feb-2026,126.65,126.84,127.5,125.07,127.25,127.23,126.51,6011063,7604.44,31450,2088427,34.74,Others
2026-02-24,IREDA, EQ, 24-Feb-2026,127.23,126.28,127.6,124.65,126.2,126.01,125.98,6387831,8047.51,36820,1536383,24.05,Others
2026-02-25,IREDA, EQ, 25-Feb-2026,126.01,127.34,127.34,124.2,125.05,125.49,125.23,5795505,7257.49,32498,1810624,31.24,Others
2026-02-26,IREDA, EQ, 26-Feb-2026,125.49,125.49,126.82,123.72,124.55,124.75,125.14,5057763,6329.14,35330,1544570,30.54,Others
2026-02-27,IREDA, EQ, 27-Feb-2026,124.75,124.0,124.5,122.0,122.25,122.25,122.83,6156137,7561.44,46734,2312397,37.56,Others
2026-03-02,IREDA, EQ, 02-Mar-2026,122.25,115.91,119.4,114.75,116.5,115.93,116.78,12595759,14708.87,84699,4742355,37.65,Others
2026-03-04,IREDA, EQ, 04-Mar-2026,115.93,113.65,114.64,112.21,113.49,113.52,113.35,10489846,11890.43,64073,3815156,36.37,Others
2026-03-05,IREDA, EQ, 05-Mar-2026,113.52,113.56,116.19,112.8,115.99,115.65,114.18,8974731,10247.37,45012,2736966,30.5,Others
2026-03-06,IREDA, EQ, 06-Mar-2026,115.65,116.5,120.35,115.08,117.4,117.28,118.33,12595130,14904.26,51072,3941160,31.29,Others
2026-03-09,IREDA, EQ, 09-Mar-2026,117.28,113.22,115.23,112.07,114.77,114.35,113.52,7968912,9046.44,48522,2659811,33.38,Others
2026-03-10,IREDA, EQ, 10-Mar-2026,114.35,116.55,117.5,114.41,117.31,116.97,115.99,6188063,7177.28,30661,1975949,31.93,Others
2026-03-11,IREDA, EQ, 11-Mar-2026,116.97,117.31,119.17,114.0,114.66,114.8,116.56,6491893,7567.01,33332,1932132,29.76,Others
2026-03-12,IREDA, EQ, 12-Mar-2026,114.8,114.0,118.95,112.59,117.0,117.03,116.32,9357674,10885.18,48122,2072847,22.15,Others
2026-03-13,IREDA, EQ, 13-Mar-2026,117.03,117.0,118.94,114.21,115.2,114.85,116.4,11395700,13264.6,49288,3160079,27.73,Others
2026-03-16,IREDA, EQ, 16-Mar-2026,114.85,114.85,116.17,112.07,114.5,115.19,114.14,7970878,9097.59,41018,2186172,27.43,Others
2026-03-17,IREDA, EQ, 17-Mar-2026,115.19,115.95,116.7,114.0,116.25,116.2,115.43,6073558,7010.88,32276,1972506,32.48,Others
2026-03-18,IREDA, EQ, 18-Mar-2026,116.2,117.0,119.49,116.4,117.94,117.97,117.8,7510333,8847.47,34040,2348739,31.27,Others
2026-03-19,IREDA, EQ, 19-Mar-2026,117.97,116.0,117.77,114.72,117.45,116.58,116.44,7033332,8189.75,33796,1887356,26.83,Others
2026-03-20,IREDA, EQ, 20-Mar-2026,116.58,118.0,120.5,115.51,116.28,116.37,117.97,12638739,14909.33,58753,3946162,31.22,Others
2026-03-23,IREDA, EQ, 23-Mar-2026,116.37,115.0,115.05,110.0,110.41,110.51,111.64,10405779,11617.27,65092,3732603,35.87,Others
2026-03-24,IREDA, EQ, 24-Mar-2026,110.51,113.9,115.2,111.63,114.51,114.37,113.9,9452505,10766.34,45848,2894013,30.62,Others
2026-03-25,IREDA, EQ, 25-Mar-2026,114.37,115.46,120.18,115.46,119.02,119.2,119.11,12930750,15401.79,47501,4925604,38.09,Others
2026-03-27,IREDA, EQ, 27-Mar-2026,119.2,119.0,119.0,114.01,114.15,114.31,116.02,13334864,15470.77,64303,4991093,37.43,Others
2026-03-30,IREDA, EQ, 30-Mar-2026,114.31,113.06,114.18,108.65,108.8,108.98,111.5,15254568,17009.03,77886,5411911,35.48,Others
2026-04-01,IREDA, EQ, 01-Apr-2026,108.98,113.97,115.0,111.33,114.11,113.76,113.94,9564890,10898.25,43375,2153007,22.51,Others
2026-04-02,IREDA, EQ, 02-Apr-2026,113.76,111.98,115.3,109.85,114.9,114.94,112.34,8822348,9910.81,42794,2079661,23.57,Others
2026-04-06,IREDA, EQ, 06-Apr-2026,114.94,114.94,115.89,111.54,115.68,115.58,114.08,8849494,10095.56,41644,2087400,23.59,Others
2026-04-07,IREDA, EQ, 07-Apr-2026,115.58,114.6,116.0,113.55,115.6,115.68,115.0,6272921,7213.99,29216,1346959,21.47,Others
2026-04-08,IREDA, EQ, 08-Apr-2026,115.68,119.0,123.0,119.0,122.9,122.46,121.31,11246542,13643.52,47685,4238118,37.68,Others
2026-04-09,IREDA, EQ, 09-Apr-2026,122.46,122.0,123.75,120.31,122.95,123.13,122.56,10836914,13281.55,44743,2539813,23.44,Others
2026-04-10,IREDA, EQ, 10-Apr-2026,123.13,124.0,126.65,123.12,123.9,123.72,124.53,9496589,11825.64,43767,2667646,28.09,Others
2026-04-13,IREDA, EQ, 13-Apr-2026,123.72,120.05,124.1,118.38,123.45,123.35,122.0,9088719,11087.9,39572,2180082,23.99,Others
2026-04-15,IREDA, EQ, 15-Apr-2026,123.35,125.65,127.19,125.0,126.49,126.45,126.42,9861633,12466.95,42460,3993186,40.49,Others
2026-04-16,IREDA, EQ, 16-Apr-2026,126.45,128.5,130.69,127.1,129.39,129.43,129.09,17603153,22724.45,71214,3920666,22.27,Others
2026-04-17,IREDA, EQ, 17-Apr-2026,129.43,129.95,134.2,129.2,133.01,133.01,132.66,17129042,22723.95,68760,5105572,29.81,Others
2026-04-20,IREDA, EQ, 20-Apr-2026,133.01,133.49,133.49,129.5,129.8,130.14,131.1,9723971,12747.75,50370,3842894,39.52,Others
2026-04-21,IREDA, EQ, 21-Apr-2026,130.14,130.01,131.39,128.55,128.98,128.86,129.92,7392872,9605.08,41290,2960433,40.04,Others
2026-04-22,IREDA, EQ, 22-Apr-2026,128.86,128.86,142.85,128.68,140.69,140.45,138.84,73264311,101722.95,222236,12485219,17.04,Others
2026-04-23,IREDA, EQ, 23-Apr-2026,140.45,140.4,141.94,137.0,137.29,137.52,138.95,21390031,29722.47,84925,5733990,26.81,Others
2026-04-24,IREDA, EQ, 24-Apr-2026,137.52,137.5,138.64,134.16,136.22,135.89,136.08,11029706,15009.01,57732,2967669,26.91,Others
2026-04-27,IREDA, EQ, 27-Apr-2026,135.89,136.22,139.73,136.22,138.45,138.0,138.21,10860811,15011.14,50608,2830834,26.06,Others
2026-04-28,IREDA, EQ, 28-Apr-2026,138.0,138.6,140.08,136.79,138.4,138.05,138.47,9258413,12819.7,40241,2892842,31.25,Others
2026-04-29,IREDA, EQ, 29-Apr-2026,138.05,138.77,139.59,136.8,137.45,137.21,137.98,6222771,8586.43,30587,2239726,35.99,Others
2026-04-30,IREDA, EQ, 30-Apr-2026,137.21,136.82,136.82,133.4,135.79,135.1,134.9,5951746,8028.73,38714,1772302,29.78,Others
2026-05-04,IREDA, EQ, 04-May-2026,135.1,136.0,137.25,134.06,135.89,135.36,135.81,6076507,8252.4,35737,1901153,31.29,Others
2026-05-05,IREDA, EQ, 05-May-2026,135.36,135.36,136.59,134.18,135.69,135.27,135.49,5329391,7220.99,30444,1394056,26.16,Others
2026-05-06,IREDA, EQ, 06-May-2026,135.27,136.65,137.33,134.36,136.65,136.41,135.91,5746997,7810.95,32310,1603662,27.9,Others
2026-05-07,IREDA, EQ, 07-May-2026,136.41,136.37,137.45,135.3,135.61,135.56,136.2,6033015,8216.69,30363,2054495,34.05,Others
2026-05-08,IREDA, EQ, 08-May-2026,135.56,135.0,135.99,133.7,134.65,134.6,134.56,6088689,8193.21,34630,1805563,29.65,Others
2026-05-11,IREDA, EQ, 11-May-2026,134.6,133.85,133.99,130.21,130.92,130.68,131.29,6439252,8453.98,45761,2231049,34.65,Others
2026-05-12,IREDA, EQ, 12-May-2026,130.68,130.0,130.87,124.2,125.15,124.69,126.96,8466638,10749.58,53962,3001770,35.45,Others
2026-05-13,IREDA, EQ, 13-May-2026,124.69,125.05,129.35,124.69,128.42,128.25,127.24,8922630,11353.28,48805,2143630,24.02,Others
2026-05-14,IREDA, EQ, 14-May-2026,128.25,129.45,132.56,126.16,128.9,128.62,128.85,8759307,11286.51,47314,1719359,19.63,Others
2026-05-15,IREDA, EQ, 15-May-2026,128.62,129.34,129.83,126.6,126.99,127.1,127.94,6413585,8205.54,35456,1227931,19.15,Others
2026-05-18,IREDA, EQ, 18-May-2026,127.1,125.64,127.45,122.5,127.45,126.92,125.05,7686807,9612.17,43981,2137577,27.81,Others
2026-05-19,IREDA, EQ, 19-May-2026,126.92,127.75,129.4,127.02,127.6,127.77,128.29,4343861,5572.58,28952,1340980,30.87,Others
2026-05-20,IREDA, EQ, 20-May-2026,127.77,126.81,127.45,125.72,126.95,126.77,126.5,5406038,6838.54,29070,1265498,23.41,Others
2026-05-21,IREDA, EQ, 21-May-2026,126.77,128.0,129.55,127.21,127.52,127.87,128.22,5175967,6636.54,28288,1370912,26.49,Others
2026-05-22,IREDA, EQ, 22-May-2026,127.87,129.0,129.66,127.36,129.0,129.01,128.79,4518710,5819.51,27427,1333618,29.51,Others
2026-05-25,IREDA, EQ, 25-May-2026,129.01,130.0,132.39,129.25,129.7,129.77,130.77,7175829,9383.57,40320,2260008,31.49,Others
2026-05-26,IREDA, EQ, 26-May-2026,129.77,129.95,130.89,128.55,129.68,129.54,129.73,5282274,6852.66,35479,1658905,31.41,Others
2026-05-27,IREDA, EQ, 27-May-2026,129.54,129.54,131.19,128.99,130.45,130.2,130.07,5122289,6662.45,32219,1586320,30.97,Others
2026-05-29,IREDA, EQ, 29-May-2026,130.2,131.0,135.5,129.57,135.39,133.25,132.67,31424380,41692.28,88111,18857128,60.01,Others
2026-06-01,IREDA, EQ, 01-Jun-2026,133.25,132.58,132.59,125.52,126.13,126.27,127.98,22746116,29111.0,102209,6375489,28.03,Others
2026-06-02,IREDA, EQ, 02-Jun-2026,126.27,124.78,125.3,122.8,125.3,124.93,123.92,9621872,11923.77,52198,2300976,23.91,Others
2026-06-03,IREDA, EQ, 03-Jun-2026,124.93,124.88,124.9,121.55,122.7,122.83,122.74,8224643,10094.83,48246,2364313,28.75,Others
2026-06-04,IREDA, EQ, 04-Jun-2026,122.83,122.0,124.1,122.0,123.1,123.24,123.42,4344949,5362.47,23016,1224173,28.17,Others
2026-06-05,IREDA, EQ, 05-Jun-2026,123.24,123.48,125.67,122.75,123.46,123.43,123.96,5141536,6373.39,27026,1353327,26.32,Others
2026-06-08,IREDA, EQ, 08-Jun-2026,123.43,122.25,122.25,119.7,119.9,120.16,121.1,5900450,7145.35,37634,2322811,39.37,Others
2026-06-09,IREDA, EQ, 09-Jun-2026,120.16,120.01,123.17,120.0,122.51,122.47,122.04,6352175,7751.94,36292,1553129,24.45,Others
2026-06-10,IREDA, EQ, 10-Jun-2026,122.47,123.24,123.5,120.25,120.5,120.58,121.5,4124541,5011.15,23850,1269481,30.78,Others
2026-06-11,IREDA, EQ, 11-Jun-2026,120.58,119.4,119.4,117.75,118.4,118.3,118.55,4294296,5091.02,32712,1315486,30.63,Others
2026-06-12,IREDA, EQ, 12-Jun-2026,118.3,120.06,122.75,119.56,122.2,122.13,121.04,4408471,5336.01,23483,1235581,28.03,Others
2026-06-15,IREDA, EQ, 15-Jun-2026,122.13,125.0,126.26,124.41,125.04,124.82,125.41,6283172,7879.56,33702,2429370,38.66,Others
2026-06-16,IREDA, EQ, 16-Jun-2026,124.82,125.43,126.78,124.55,126.2,126.15,126.0,4569823,5757.75,22712,1444426,31.61,Others
2026-06-17,IREDA, EQ, 17-Jun-2026,126.15,126.26,127.0,124.72,126.7,126.46,126.02,5746064,7241.31,25660,1746482,30.39,Others
2026-06-18,IREDA, EQ, 18-Jun-2026,126.46,127.01,128.5,126.13,128.28,127.96,127.39,6369158,8113.7,29285,2175741,34.16,Others
2026-06-19,IREDA, EQ, 19-Jun-2026,127.96,127.5,128.19,126.33,127.43,127.15,127.09,3976588,5053.7,24998,1472125,37.02,Others
2026-06-22,IREDA, EQ, 22-Jun-2026,127.15,128.0,133.19,127.9,130.99,130.85,131.08,12728720,16685.4,58127,3463986,27.21,Others
2026-06-23,IREDA, EQ, 23-Jun-2026,130.85,131.0,131.24,127.0,127.3,127.31,128.74,5336066,6869.57,27840,1885562,35.34,Others
2026-06-24,IREDA, EQ, 24-Jun-2026,127.31,126.95,128.35,126.0,127.47,127.52,127.14,6968284,8859.42,32596,1380193,19.81,Others
2026-06-25,IREDA, EQ, 25-Jun-2026,127.52,128.3,129.28,126.66,127.01,127.47,128.47,5419903,6963.0,24551,1689007,31.16,Others
2026-06-29,IREDA, EQ, 29-Jun-2026,127.47,126.9,128.25,126.1,127.65,127.49,127.18,5490770,6983.26,30308,1626640,29.62,Others
2026-06-30,IREDA, EQ, 30-Jun-2026,127.49,127.75,130.6,127.07,128.77,128.69,129.02,6157760,7944.72,32143,1745625,28.35,Others
2026-07-01,IREDA, EQ, 01-Jul-2026,128.69,128.78,129.19,127.61,128.0,127.93,128.28,2944170,3776.84,21244,1041225,35.37,Others
2026-07-02,IREDA, EQ, 02-Jul-2026,127.93,128.23,129.09,127.79,128.6,128.58,128.39,3462200,4445.23,21397,1262903,36.48,Others
2026-07-03,IREDA, EQ, 03-Jul-2026,128.58,129.62,130.17,127.88,128.4,128.49,128.74,3308660,4259.7,23088,1134021,34.27,Others
2026-07-06,IREDA, EQ, 06-Jul-2026,128.49,128.05,128.54,126.5,126.78,126.74,127.02,2591729,3291.95,22423,983994,37.97,Others
2026-07-07,IREDA, EQ, 07-Jul-2026,126.74,127.0,127.33,124.92,125.4,125.16,125.56,3351443,4208.06,24915,1158863,34.58,Others
2026-07-08,IREDA, EQ, 08-Jul-2026,125.16,124.45,124.85,120.55,121.15,121.17,122.63,5624308,6896.89,38780,1754885,31.2,Others
2026-07-09,IREDA, EQ, 09-Jul-2026,121.17,121.17,122.56,121.17,122.1,121.81,121.94,2880002,3511.76,21494,965209,33.51,Others
2026-07-10,IREDA, EQ, 10-Jul-2026,121.81,122.2,126.74,122.2,126.5,126.4,125.65,6790090,8531.55,35971,1908791,28.11,Others
2026-07-13,IREDA, EQ, 13-Jul-2026,126.4,124.25,125.4,123.5,124.95,124.81,124.61,3752022,4675.29,22367,1053799,28.09,Others
2026-07-14,IREDA, EQ, 14-Jul-2026,124.81,123.6,124.19,121.5,122.1,122.08,122.26,5424746,6632.41,30962,2209251,40.73,Others
2026-07-15,IREDA, EQ, 15-Jul-2026,122.08,121.98,123.47,121.07,121.2,121.36,122.0,3752247,4577.75,23648,1543883,41.15,Others
2026-07-16,IREDA, EQ, 16-Jul-2026,121.36,121.44,122.1,120.5,120.76,120.83,121.15,3418650,4141.79,23754,1274197,37.27,Others
2026-07-17,IREDA, EQ, 17-Jul-2026,120.83,120.8,121.97,119.8,121.48,121.64,120.86,3743488,4524.44,23319,1232027,32.91,Others
2026-07-20,IREDA, EQ, 20-Jul-2026,121.64,120.5,122.58,120.3,121.52,121.83,121.59,3374957,4103.57,20047,1162165,34.43,Others
2026-07-21,IREDA, EQ, 21-Jul-2026,121.83,121.83,122.3,120.81,121.2,121.15,121.37,2620419,3180.47,22058,903961,34.5,Others
2026-07-22,IREDA, EQ, 22-Jul-2026,121.15,121.15,121.25,119.4,119.63,119.68,119.92,3159003,3788.29,23687,1220116,38.62,Others
2026-07-23,IREDA, EQ, 23-Jul-2026,119.68,119.5,121.0,118.68,119.5,119.58,120.02,3293469,3952.69,21134,948393,28.8,Others
2026-07-24,IREDA, EQ, 24-Jul-2026,119.58,118.61,120.75,117.42,120.2,120.48,119.46,4773314,5702.34,37054,1677899,35.15,Others
2026-07-27,IREDA, EQ, 27-Jul-2026,120.48,120.79,121.83,119.56,120.29,120.29,120.52,4198411,5059.93,23887,1447260,34.47,Others
2026-07-28,IREDA, EQ, 28-Jul-2026,120.29,120.87,120.87,119.5,120.1,120.49,120.19,3844449,4620.57,20078,1577672,41.04,Others
2026-07-29,IREDA, EQ, 29-Jul-2026,120.49,120.48,121.47,120.0,120.82,120.82,120.77,3240985,3914.07,19491,1076207,33.21,Others
2026-07-30,IREDA, EQ, 30-Jul-2026,120.82,120.1,120.61,119.26,119.81,119.88,119.79,3172319,3800.0,21574,971483,30.62,Others
2026-07-31,IREDA, EQ, 31-Jul-2026,119.88,119.6,120.6,119.2,119.44,119.59,119.91,4072312,4883.17,25484,1796906,44.12,Others
2026-08-03,IREDA, EQ, 03-Aug-2026,119.59,120.38,123.9,120.19,123.0,123.0,122.71,7823276,9599.55,38873,2443811,31.24,Others
2026-08-04,IREDA, EQ, 04-Aug-2026,123.0,121.29,121.6,118.19,120.35,120.35,120.43,16002448,19271.31,65747,4382116,27.38,Others
2026-08-05,IREDA, EQ, 05-Aug-2026,120.35,121.35,121.35,119.1,120.7,120.7,120.32,8964128,10785.97,40104,3040353,33.92,Others
2026-08-06,IREDA, EQ, 06-Aug-2026,120.7,120.25,122.13,120.0,121.02,121.02,120.99,6669871,8069.59,31070,2469491,37.02,Others
2026-08-07,IREDA, EQ, 07-Aug-2026,121.02,120.5,121.9,119.55,119.8,119.8,120.38,4969707,5982.45,27453,1704607,34.3,Others
2026-08-10,IREDA, EQ, 10-Aug-2026,119.8,119.8,120.79,118.53,120.0,120.0,119.46,6043852,7219.69,29875,2164376,35.81,Others
2026-08-11,IREDA, EQ, 11-Aug-2026,120.0,119.65,119.78,118.4,118.7,118.7,119.0,3648191,4341.24,25862,1469760,40.29,Others
2026-08-12,IREDA, EQ, 12-Aug-2026,118.7,118.69,119.0,117.0,117.8,117.8,117.69,4344077,5112.38,29651,1662841,38.28,Others
2026-08-13,IREDA, EQ, 13-Aug-2026,117.8,117.8,117.96,117.1,117.4,117.4,117.57,2416661,2841.22,18652,950521,39.33,Others
2026-08-14,IREDA, EQ, 14-Aug-2026,117.4,117.01,117.7,116.15,116.25,116.25,116.53,3365825,3922.29,25284,1126932,33.48,Others
2026-08-17,IREDA, EQ, 17-Aug-2026,116.25,116.25,116.94,115.0,116.85,116.85,115.86,3235182,3748.15,27862,1072159,33.14,Others
2026-08-18,IREDA, EQ, 18-Aug-2026,116.85,116.85,117.11,115.27,115.27,115.27,115.78,2772666,3210.06,21528,1226398,44.23,Others
2026-08-19,IREDA, EQ, 19-Aug-2026,115.27,115.27,115.86,113.75,113.92,113.92,114.65,3591311,4117.39,30416,1321425,36.8,Others
2026-08-20,IREDA, EQ, 20-Aug-2026,113.92,114.49,115.8,114.33,114.9,114.9,115.07,3039801,3498.04,20005,1134973,37.34,Others
2026-08-21,IREDA, EQ, 21-Aug-2026,114.9,115.04,115.75,114.71,115.0,115.0,115.1,2340127,2693.52,16776,880311,37.62,Others
