Date,SYMBOL,SERIES,DATE1,PREV_CLOSE,OPEN_PRICE,HIGH_PRICE,LOW_PRICE,LAST_PRICE,CLOSE_PRICE,AVG_PRICE,TTL_TRD_QNTY,TURNOVER_LACS,NO_OF_TRADES,DELIV_QTY,DELIV_PER
2024-04-23,LTF, EQ, 23-Apr-2024,163.75,163.75,168.6,163.05,168.05,167.85,166.15,3303800,5489.11,30489,1699936,51.45
2024-04-24,LTF, EQ, 24-Apr-2024,167.85,168.5,169.5,165.9,166.9,166.8,167.8,2610949,4381.22,23638,1360895,52.12
2024-04-25,LTF, EQ, 25-Apr-2024,166.8,166.0,168.3,165.05,167.75,167.75,166.82,5033663,8397.08,36677,3198984,63.55
2024-04-26,LTF, EQ, 26-Apr-2024,167.75,167.35,169.5,161.1,163.65,163.8,164.7,6578217,10834.17,45987,2508525,38.13
2024-04-29,LTF, EQ, 29-Apr-2024,163.8,163.8,172.15,161.45,168.05,168.8,167.6,12524749,20991.77,67427,3653976,29.17
2024-04-30,LTF, EQ, 30-Apr-2024,168.8,170.0,170.85,166.0,167.0,166.65,168.26,4080553,6865.81,31638,1330284,32.6
2024-05-02,LTF, EQ, 02-May-2024,166.65,167.4,170.25,166.4,169.3,169.75,168.35,4336832,7300.87,48760,2360507,54.43
2024-05-03,LTF, EQ, 03-May-2024,169.75,170.45,171.4,165.8,167.95,167.75,168.49,4561558,7685.73,30783,2341583,51.33
2024-05-06,LTF, EQ, 06-May-2024,167.75,168.9,169.0,162.3,163.1,162.9,164.03,4415585,7242.97,33224,1960778,44.41
2024-05-07,LTF, EQ, 07-May-2024,162.9,163.15,164.25,160.05,160.8,160.95,161.66,3936687,6364.2,47773,1781661,45.26
2024-05-08,LTF, EQ, 08-May-2024,160.95,160.95,163.45,160.3,161.5,161.7,162.03,2488886,4032.83,26655,1144513,45.98
2024-05-09,LTF, EQ, 09-May-2024,161.7,162.0,162.6,156.3,157.2,157.05,159.59,3820801,6097.6,33053,1982353,51.88
2024-05-10,LTF, EQ, 10-May-2024,157.05,157.05,159.7,153.45,155.8,155.2,156.49,4513527,7063.14,35280,1924905,42.65
2024-05-13,LTF, EQ, 13-May-2024,155.2,155.9,158.0,150.75,157.25,157.2,154.38,9010412,13910.47,45084,5131257,56.95
2024-05-14,LTF, EQ, 14-May-2024,157.2,157.2,158.05,155.4,157.45,157.4,156.8,2714284,4255.91,30682,1293475,47.65
2024-05-15,LTF, EQ, 15-May-2024,157.4,158.5,162.7,157.25,158.85,158.45,159.63,2976208,4750.87,36396,847916,28.49
2024-05-16,LTF, EQ, 16-May-2024,158.45,159.5,159.9,156.65,159.3,158.75,158.48,1772521,2809.15,23148,728628,41.11
2024-05-17,LTF, EQ, 17-May-2024,158.75,159.05,161.15,157.6,161.0,160.7,159.9,2954770,4724.71,21489,1711795,57.93
2024-05-18,LTF, EQ, 18-May-2024,160.7,161.45,162.15,159.7,160.45,160.2,160.48,295022,473.46,3076,204611,69.35
2024-05-21,LTF, EQ, 21-May-2024,160.2,160.5,160.5,158.2,158.8,158.85,158.98,1944712,3091.64,25424,1012120,52.04
2024-05-22,LTF, EQ, 22-May-2024,158.85,158.4,159.95,155.65,156.6,156.35,156.67,2453852,3844.54,30193,1090535,44.44
2024-05-23,LTF, EQ, 23-May-2024,156.35,157.35,160.0,155.7,159.0,159.15,157.84,7632301,12047.05,51286,5114061,67.01
2024-05-24,LTF, EQ, 24-May-2024,159.15,159.1,159.45,157.15,157.7,157.75,158.37,2161520,3423.21,21736,1071880,49.59
2024-05-27,LTF, EQ, 27-May-2024,157.75,158.85,159.0,156.3,158.0,158.2,158.0,2337095,3692.6,20755,953719,40.81
2024-05-28,LTF, EQ, 28-May-2024,158.2,158.2,159.2,155.05,156.5,156.8,157.11,2025656,3182.58,21057,942006,46.5
2024-05-29,LTF, EQ, 29-May-2024,156.8,156.8,159.0,155.8,157.2,157.65,157.77,1738865,2743.37,17907,736406,42.35
2024-05-30,LTF, EQ, 30-May-2024,157.65,157.65,157.65,152.25,153.5,153.15,154.29,6928838,10690.67,47332,4459656,64.36
2024-05-31,LTF, EQ, 31-May-2024,153.15,154.0,156.75,152.35,153.9,152.95,154.27,7196801,11102.74,30685,4919245,68.35
2024-06-03,LTF, EQ, 03-Jun-2024,152.95,157.0,160.2,156.25,159.6,159.7,159.08,5183145,8245.52,42739,2965313,57.21
2024-06-04,LTF, EQ, 04-Jun-2024,159.7,160.0,160.0,144.6,149.5,149.35,149.43,12468536,18631.51,79712,7258888,58.22
2024-06-05,LTF, EQ, 05-Jun-2024,149.35,151.4,157.9,148.0,156.8,156.85,152.9,5258202,8039.64,56339,2539188,48.29
2024-06-06,LTF, EQ, 06-Jun-2024,156.85,157.55,162.0,156.5,159.65,159.05,159.73,6006701,9594.74,42724,3395749,56.53
2024-06-07,LTF, EQ, 07-Jun-2024,159.05,160.1,169.85,158.05,169.35,168.45,165.36,14435252,23869.59,82454,7034922,48.73
2024-06-10,LTF, EQ, 10-Jun-2024,168.45,171.7,171.7,164.5,165.0,165.35,167.0,8596119,14355.42,75735,4192175,48.77
2024-06-11,LTF, EQ, 11-Jun-2024,165.35,168.65,169.29,164.6,165.5,164.9,166.29,6986709,11618.53,33192,4184443,59.89
2024-06-12,LTF, EQ, 12-Jun-2024,164.9,165.8,171.68,165.21,170.55,170.62,169.45,13051066,22115.08,72648,5616864,43.04
2024-06-13,LTF, EQ, 13-Jun-2024,170.62,175.1,179.18,175.0,175.7,175.87,176.81,47333091,83689.77,174879,17284588,36.52
2024-06-14,LTF, EQ, 14-Jun-2024,175.87,178.0,183.76,176.71,181.92,181.87,181.35,37292621,67628.79,150445,16429406,44.06
2024-06-18,LTF, EQ, 18-Jun-2024,181.87,180.99,182.15,179.09,180.0,179.67,180.03,17532848,31565.15,111560,10463786,59.68
2024-06-19,LTF, EQ, 19-Jun-2024,179.67,181.44,181.44,174.04,176.3,176.21,176.62,15781172,27873.37,93008,9125350,57.82
2024-06-20,LTF, EQ, 20-Jun-2024,176.21,176.21,184.0,175.21,183.75,183.65,180.73,17882695,32320.24,104774,9530744,53.3
2024-06-21,LTF, EQ, 21-Jun-2024,183.65,184.9,186.7,181.61,182.94,183.04,184.01,21084054,38795.9,102252,11575224,54.9
2024-06-24,LTF, EQ, 24-Jun-2024,183.04,184.0,184.0,177.5,180.3,180.51,179.78,12574066,22606.25,82892,6475889,51.5
2024-06-25,LTF, EQ, 25-Jun-2024,180.51,180.85,186.32,179.0,185.19,185.51,182.99,14289052,26147.35,94680,6274846,43.91
2024-06-26,LTF, EQ, 26-Jun-2024,185.51,186.0,187.8,181.2,181.5,181.71,184.66,12469345,23026.33,77653,4843661,38.84
2024-06-27,LTF, EQ, 27-Jun-2024,181.71,181.75,184.18,178.68,179.39,179.26,180.45,16858870,30421.87,91998,10702017,63.48
2024-06-28,LTF, EQ, 28-Jun-2024,179.26,182.0,182.89,180.0,181.34,181.17,181.34,9520773,17265.09,51093,5281787,55.48
2024-07-01,LTF, EQ, 01-Jul-2024,181.17,183.65,191.65,182.96,189.65,190.1,188.24,24853967,46785.8,118297,10588748,42.6
2024-07-02,LTF, EQ, 02-Jul-2024,190.1,192.3,194.25,186.45,187.3,187.23,189.51,15387882,29162.07,88705,5455079,35.45
2024-07-03,LTF, EQ, 03-Jul-2024,187.23,188.8,191.0,186.61,188.3,188.7,188.98,10137481,19157.35,68075,4765969,47.01
2024-07-04,LTF, EQ, 04-Jul-2024,188.7,194.0,194.2,187.84,188.3,188.25,189.74,13615915,25834.28,80569,4815494,35.37
2024-07-05,LTF, EQ, 05-Jul-2024,188.25,188.0,190.55,184.85,189.55,189.91,187.97,7736157,14541.77,49053,3220958,41.64
2024-07-08,LTF, EQ, 08-Jul-2024,189.91,190.01,190.58,185.17,186.15,185.98,187.25,4460806,8353.01,40379,1955304,43.83
2024-07-09,LTF, EQ, 09-Jul-2024,185.98,186.5,187.13,183.26,183.8,184.01,184.47,4773194,8805.21,39198,2461063,51.56
2024-07-10,LTF, EQ, 10-Jul-2024,184.01,183.99,183.99,177.76,180.8,180.45,180.45,6401087,11550.8,52735,2762406,43.16
2024-07-11,LTF, EQ, 11-Jul-2024,180.45,180.45,182.52,179.0,179.59,179.25,180.21,7184501,12947.0,46888,4376188,60.91
2024-07-12,LTF, EQ, 12-Jul-2024,179.25,180.2,185.0,179.32,182.5,182.26,182.23,8336170,15190.72,52493,3002994,36.02
2024-07-15,LTF, EQ, 15-Jul-2024,182.26,184.25,186.25,180.32,186.0,185.85,183.96,7480546,13761.58,50845,3119833,41.71
2024-07-16,LTF, EQ, 16-Jul-2024,185.85,186.45,186.45,182.25,184.3,184.35,183.88,12008676,22081.95,75565,5395048,44.93
2024-07-18,LTF, EQ, 18-Jul-2024,184.35,189.9,189.95,182.73,184.71,184.57,186.01,37665072,70059.44,149547,14390460,38.21
2024-07-19,LTF, EQ, 19-Jul-2024,184.57,185.44,185.44,175.0,175.29,175.95,178.89,13685366,24482.13,73435,6438308,47.05
2024-07-22,LTF, EQ, 22-Jul-2024,175.95,173.06,175.8,170.5,174.0,173.73,173.77,7917914,13759.06,57075,3254120,41.1
2024-07-23,LTF, EQ, 23-Jul-2024,173.73,175.49,175.49,165.0,174.3,174.51,171.88,9608735,16515.67,61884,2990291,31.12
2024-07-24,LTF, EQ, 24-Jul-2024,174.51,175.4,177.37,173.76,174.6,174.75,175.54,4458422,7826.23,32735,1495351,33.54
2024-07-25,LTF, EQ, 25-Jul-2024,174.75,174.0,175.0,169.84,174.9,173.73,172.91,5458213,9437.71,35210,2079514,38.1
2024-07-26,LTF, EQ, 26-Jul-2024,173.73,174.9,180.9,174.17,180.6,180.47,178.81,7455371,13330.65,40989,3414512,45.8
2024-07-29,LTF, EQ, 29-Jul-2024,180.47,181.69,182.14,178.92,180.32,179.54,180.47,3768421,6800.77,27805,1845675,48.98
2024-07-30,LTF, EQ, 30-Jul-2024,179.54,180.0,182.47,178.96,180.5,180.03,180.92,4003069,7242.53,27018,1581356,39.5
2024-07-31,LTF, EQ, 31-Jul-2024,180.03,180.5,181.48,179.47,180.3,179.89,180.38,2073303,3739.73,21543,994076,47.95
2024-08-01,LTF, EQ, 01-Aug-2024,179.89,181.9,182.06,176.0,176.5,176.5,179.05,3547911,6352.71,33425,1716450,48.38
2024-08-02,LTF, EQ, 02-Aug-2024,176.5,175.35,179.1,172.16,176.7,177.13,176.48,9004437,15890.98,33944,4887581,54.28
2024-08-05,LTF, EQ, 05-Aug-2024,177.13,173.99,173.99,167.28,168.2,168.53,169.74,7380500,12527.36,52863,3425322,46.41
2024-08-06,LTF, EQ, 06-Aug-2024,168.53,170.0,174.4,166.61,167.83,167.23,170.94,4182278,7149.35,31991,1469663,35.14
2024-08-07,LTF, EQ, 07-Aug-2024,167.23,171.7,171.8,166.7,169.5,169.51,168.42,4659477,7847.65,35123,1695948,36.4
2024-08-08,LTF, EQ, 08-Aug-2024,169.51,169.6,169.91,165.1,165.5,165.65,167.18,3909508,6535.91,37022,1882760,48.16
2024-08-09,LTF, EQ, 09-Aug-2024,165.65,167.99,168.8,165.53,166.2,166.2,166.61,2882514,4802.45,29335,1246236,43.23
2024-08-12,LTF, EQ, 12-Aug-2024,166.2,166.0,168.75,164.01,167.55,168.02,166.81,3999022,6670.8,35476,1597330,39.94
2024-08-13,LTF, EQ, 13-Aug-2024,168.02,168.01,168.1,162.02,162.5,162.34,164.74,4198056,6915.92,40480,2219790,52.88
2024-08-14,LTF, EQ, 14-Aug-2024,162.34,162.59,162.78,159.87,160.5,160.46,161.1,3173840,5112.91,32890,1252867,39.47
2024-08-16,LTF, EQ, 16-Aug-2024,160.46,160.0,164.85,159.5,164.0,164.29,163.28,4338449,7083.78,28752,2270086,52.32
2024-08-19,LTF, EQ, 19-Aug-2024,164.29,164.98,166.1,163.61,165.45,165.0,164.62,3904977,6428.43,33012,2102392,53.84
2024-08-20,LTF, EQ, 20-Aug-2024,165.0,165.9,168.38,164.15,167.23,167.36,166.58,4346921,7241.0,27969,1718840,39.54
2024-08-21,LTF, EQ, 21-Aug-2024,167.36,167.9,168.54,166.22,168.1,168.21,167.88,3058802,5135.05,29466,1318492,43.1
2024-08-22,LTF, EQ, 22-Aug-2024,168.21,169.0,171.9,168.0,169.0,168.92,170.28,5161326,8788.82,36872,1943828,37.66
2024-08-23,LTF, EQ, 23-Aug-2024,168.92,169.5,169.55,167.28,167.45,167.62,168.16,3414990,5742.48,21177,1602071,46.91
2024-08-26,LTF, EQ, 26-Aug-2024,167.62,167.62,169.44,166.89,169.0,169.02,168.05,4452610,7482.57,27918,2293847,51.52
2024-08-27,LTF, EQ, 27-Aug-2024,169.02,169.0,172.0,168.65,171.05,171.04,170.38,4638048,7902.34,30588,1641429,35.39
2024-08-28,LTF, EQ, 28-Aug-2024,171.04,173.69,173.7,170.25,170.5,170.52,171.87,7706210,13244.88,40509,3000403,38.93
2024-08-29,LTF, EQ, 29-Aug-2024,170.52,171.29,171.94,168.12,170.48,170.39,170.22,3063823,5215.35,25705,1010289,32.97
2024-08-30,LTF, EQ, 30-Aug-2024,170.39,171.2,171.95,169.07,169.8,169.36,170.17,3415918,5812.89,23124,1782798,52.19
2024-09-02,LTF, EQ, 02-Sep-2024,169.36,169.04,171.35,168.83,171.0,170.86,170.45,4999370,8521.63,40346,2325812,46.52
2024-09-03,LTF, EQ, 03-Sep-2024,170.86,171.25,173.9,170.83,172.45,172.41,172.72,6769138,11691.7,47160,2683278,39.64
2024-09-04,LTF, EQ, 04-Sep-2024,172.41,171.1,172.1,168.5,169.0,169.01,169.74,3288369,5581.77,32927,1446031,43.97
2024-09-05,LTF, EQ, 05-Sep-2024,169.01,169.99,171.8,169.27,170.56,170.55,170.63,5362951,9150.79,45924,2846471,53.08
2024-09-06,LTF, EQ, 06-Sep-2024,170.55,170.6,170.76,164.77,165.65,165.23,166.69,5578591,9299.01,61027,2649700,47.5
2024-09-09,LTF, EQ, 09-Sep-2024,165.23,165.42,166.73,163.33,166.51,166.24,164.98,3379647,5575.83,46937,1473755,43.61
2024-09-10,LTF, EQ, 10-Sep-2024,166.24,167.94,173.24,166.7,172.01,171.69,170.24,9893480,16842.32,58037,4974852,50.28
2024-09-11,LTF, EQ, 11-Sep-2024,171.69,172.9,172.99,165.66,167.0,166.25,169.27,5613656,9502.37,36193,2397439,42.71
2024-09-12,LTF, EQ, 12-Sep-2024,166.25,168.0,174.94,167.95,174.19,174.36,172.3,15036376,25908.0,88385,6085826,40.47
2024-09-13,LTF, EQ, 13-Sep-2024,174.36,175.4,179.37,174.52,178.0,177.91,177.3,13689402,24270.77,75630,5316449,38.84
2024-09-16,LTF, EQ, 16-Sep-2024,177.91,179.0,179.0,174.58,175.6,175.22,176.42,5726945,10103.29,39437,2295210,40.08
2024-09-17,LTF, EQ, 17-Sep-2024,175.22,175.49,177.22,174.5,175.6,175.85,175.88,3562118,6264.97,28798,1325529,37.21
2024-09-18,LTF, EQ, 18-Sep-2024,175.85,175.0,178.48,174.7,176.0,177.01,176.93,6682772,11823.64,42594,2616753,39.16
2024-09-19,LTF, EQ, 19-Sep-2024,177.01,178.5,181.65,172.31,177.91,178.0,177.17,15235214,26992.0,84964,4575019,30.03
2024-09-20,LTF, EQ, 20-Sep-2024,178.0,178.83,182.25,177.73,182.0,181.31,180.11,10622489,19131.67,76212,5990375,56.39
2024-09-23,LTF, EQ, 23-Sep-2024,181.31,183.0,185.39,178.82,184.39,184.52,183.28,13735342,25174.02,72430,6255405,45.54
2024-09-24,LTF, EQ, 24-Sep-2024,184.52,185.69,187.19,183.5,184.0,183.89,185.31,8839860,16380.89,48738,4616650,52.23
2024-09-25,LTF, EQ, 25-Sep-2024,183.89,184.0,189.17,182.81,186.5,187.4,186.77,14292747,26695.27,84631,6955579,48.67
2024-09-26,LTF, EQ, 26-Sep-2024,187.4,187.4,187.4,182.7,186.5,186.82,185.27,11507289,21319.79,56759,5446275,47.33
2024-09-27,LTF, EQ, 27-Sep-2024,186.82,186.56,189.29,185.51,187.2,187.9,187.4,7610386,14261.82,53764,3905677,51.32
2024-09-30,LTF, EQ, 30-Sep-2024,187.9,187.0,187.86,185.09,185.5,185.82,186.48,4833939,9014.52,35406,2196339,45.44
2024-10-01,LTF, EQ, 01-Oct-2024,185.82,187.09,189.45,185.11,188.05,188.12,187.72,7122957,13371.37,84030,3395731,47.67
2024-10-03,LTF, EQ, 03-Oct-2024,188.12,185.0,186.5,180.0,180.9,181.23,182.72,11643302,21274.23,85590,5735507,49.26
2024-10-04,LTF, EQ, 04-Oct-2024,181.23,181.25,181.94,173.91,175.14,174.96,177.05,9226512,16335.5,83250,4448133,48.21
2024-10-07,LTF, EQ, 07-Oct-2024,174.96,176.23,177.33,167.29,168.05,168.5,170.98,7477478,12784.88,48356,2189745,29.28
2024-10-08,LTF, EQ, 08-Oct-2024,168.5,168.0,173.17,167.7,172.89,171.99,170.59,5510412,9400.22,40210,1973375,35.81
2024-10-09,LTF, EQ, 09-Oct-2024,171.99,173.5,176.75,168.7,170.13,169.42,172.68,9490521,16388.32,89555,3883560,40.92
2024-10-10,LTF, EQ, 10-Oct-2024,169.42,170.75,171.45,167.2,167.49,167.48,168.98,4274505,7223.11,46218,2124021,49.69
2024-10-11,LTF, EQ, 11-Oct-2024,167.48,167.5,168.32,163.25,163.75,163.76,164.71,11614006,19129.26,59396,6833292,58.84
2024-10-14,LTF, EQ, 14-Oct-2024,163.76,164.58,167.1,163.85,165.5,165.32,165.41,11581312,19156.46,60524,6686152,57.73
2024-10-15,LTF, EQ, 15-Oct-2024,165.32,166.05,168.6,165.15,168.08,168.05,167.45,10759297,18016.63,68969,5150502,47.87
2024-10-16,LTF, EQ, 16-Oct-2024,168.05,167.25,167.59,166.1,166.5,166.83,166.86,7751067,12933.07,63654,4232684,54.61
2024-10-17,LTF, EQ, 17-Oct-2024,166.83,167.0,167.79,163.75,166.18,166.41,165.35,8675146,14344.07,53161,3750677,43.23
2024-10-18,LTF, EQ, 18-Oct-2024,166.41,166.0,168.15,161.84,166.65,166.64,165.77,11045604,18310.69,65715,4035675,36.54
2024-10-21,LTF, EQ, 21-Oct-2024,166.64,168.0,168.89,156.7,157.49,157.82,160.94,15051766,24224.96,69591,7575627,50.33
2024-10-22,LTF, EQ, 22-Oct-2024,157.82,158.09,159.19,145.06,147.0,146.55,151.46,24010034,36364.91,129643,9926452,41.34
2024-10-23,LTF, EQ, 23-Oct-2024,146.55,146.71,151.96,146.2,150.17,150.16,149.75,13909496,20829.41,63609,5605460,40.3
2024-10-24,LTF, EQ, 24-Oct-2024,150.16,150.45,151.29,144.18,144.65,144.66,146.47,20052904,29371.65,85625,9390970,46.83
2024-10-25,LTF, EQ, 25-Oct-2024,144.66,145.05,145.55,137.66,140.7,140.28,140.8,12615138,17762.4,86993,4585016,36.35
2024-10-28,LTF, EQ, 28-Oct-2024,140.28,141.2,148.0,141.0,142.48,142.23,143.25,13047525,18690.86,60656,4175171,32.0
2024-10-29,LTF, EQ, 29-Oct-2024,142.23,142.5,144.94,139.0,144.71,143.95,141.97,11464868,16277.07,56215,4428679,38.63
2024-10-30,LTF, EQ, 30-Oct-2024,143.95,144.5,148.3,143.0,146.2,146.49,146.48,12345747,18084.05,49178,5222964,42.31
2024-10-31,LTF, EQ, 31-Oct-2024,146.49,147.8,148.4,144.4,146.49,146.0,146.2,13296222,19438.76,56931,6130174,46.1
2024-11-01,LTF, EQ, 01-Nov-2024,146.0,146.89,149.5,146.7,149.5,148.62,148.21,2638735,3910.91,23424,1525791,57.82
2024-11-04,LTF, EQ, 04-Nov-2024,148.62,148.95,148.95,142.45,142.84,142.76,143.65,9179542,13186.39,48764,5062476,55.15
2024-11-05,LTF, EQ, 05-Nov-2024,142.76,142.76,146.4,141.16,145.01,145.39,143.97,8972012,12916.78,47681,3946204,43.98
2024-11-06,LTF, EQ, 06-Nov-2024,145.39,146.19,148.75,145.81,147.79,147.56,147.34,7223997,10643.96,37001,3342098,46.26
2024-11-07,LTF, EQ, 07-Nov-2024,147.56,148.0,148.19,143.8,144.32,144.15,145.16,5804643,8425.75,42723,2660238,45.83
2024-11-08,LTF, EQ, 08-Nov-2024,144.15,144.6,144.6,139.8,140.11,140.11,141.36,7009217,9908.37,63123,3344765,47.72
2024-11-11,LTF, EQ, 11-Nov-2024,140.11,140.0,142.42,137.75,140.03,140.16,140.34,7981196,11200.62,41226,3473905,43.53
2024-11-12,LTF, EQ, 12-Nov-2024,140.16,141.1,141.61,138.13,138.35,138.57,139.74,4140867,5786.46,43129,1821462,43.99
2024-11-13,LTF, EQ, 13-Nov-2024,138.57,137.61,138.55,134.1,136.7,135.91,136.28,12440862,16953.95,56534,6119297,49.19
2024-11-14,LTF, EQ, 14-Nov-2024,135.91,135.9,138.6,135.46,138.0,137.51,137.27,5267955,7231.28,41527,1737921,32.99
2024-11-18,LTF, EQ, 18-Nov-2024,137.51,136.56,140.5,135.39,138.4,138.69,137.79,5629198,7756.44,35893,2517252,44.72
2024-11-19,LTF, EQ, 19-Nov-2024,138.69,139.25,142.49,138.69,138.98,139.71,141.08,5892083,8312.28,36116,2544369,43.18
2024-11-21,LTF, EQ, 21-Nov-2024,139.71,138.76,139.0,135.5,137.75,137.74,137.26,3921181,5382.09,28230,1408416,35.92
2024-11-22,LTF, EQ, 22-Nov-2024,137.74,137.65,140.44,137.1,139.5,139.55,139.19,3846622,5354.01,38798,1520265,39.52
2024-11-25,LTF, EQ, 25-Nov-2024,139.55,142.5,144.3,140.5,141.33,140.94,142.43,5493643,7824.84,33692,2118125,38.56
2024-11-26,LTF, EQ, 26-Nov-2024,140.94,141.0,141.94,139.5,140.46,140.6,140.31,5960047,8362.49,36597,2275766,38.18
2024-11-27,LTF, EQ, 27-Nov-2024,140.6,142.0,142.13,139.51,140.66,140.76,140.63,8204446,11537.97,48389,3380673,41.21
2024-11-28,LTF, EQ, 28-Nov-2024,140.76,140.45,145.25,139.8,144.7,144.32,143.57,18898040,27132.21,69792,8937842,47.3
2024-11-29,LTF, EQ, 29-Nov-2024,144.32,144.74,144.94,141.22,142.65,142.47,143.03,4590422,6565.68,33750,1805921,39.34
2024-12-02,LTF, EQ, 02-Dec-2024,142.47,142.15,144.1,141.61,143.75,143.72,143.15,4022418,5758.25,32711,1444664,35.92
2024-12-03,LTF, EQ, 03-Dec-2024,143.72,143.72,146.09,143.65,145.3,145.62,145.43,3813710,5546.3,32971,1716133,45.0
2024-12-04,LTF, EQ, 04-Dec-2024,145.62,145.01,148.5,145.01,148.27,148.14,147.41,6845087,10090.46,46994,3197239,46.71
2024-12-05,LTF, EQ, 05-Dec-2024,148.14,148.19,149.15,146.94,148.35,148.41,148.0,4729816,6999.99,32366,2416632,51.09
2024-12-06,LTF, EQ, 06-Dec-2024,148.41,148.41,149.23,146.59,148.5,148.81,148.43,6810891,10109.3,44581,3304965,48.52
2024-12-09,LTF, EQ, 09-Dec-2024,148.81,148.5,150.34,147.6,148.1,148.23,148.63,3736158,5553.13,26561,1793441,48.0
2024-12-10,LTF, EQ, 10-Dec-2024,148.23,148.2,151.95,148.0,149.3,149.15,150.16,5635147,8461.57,37160,2012783,35.72
2024-12-11,LTF, EQ, 11-Dec-2024,149.15,148.31,150.69,148.31,150.1,150.07,149.66,4351059,6511.9,27198,1744478,40.09
2024-12-12,LTF, EQ, 12-Dec-2024,150.07,150.07,150.77,147.11,147.72,147.6,148.2,3625503,5373.12,23575,1693677,46.72
2024-12-13,LTF, EQ, 13-Dec-2024,147.6,146.51,147.24,142.21,146.66,146.61,144.82,5363914,7768.01,34496,1949070,36.34
2024-12-16,LTF, EQ, 16-Dec-2024,146.61,146.5,148.9,145.86,147.15,147.3,147.18,2233073,3286.67,18468,847755,37.96
2024-12-17,LTF, EQ, 17-Dec-2024,147.3,147.29,147.29,141.15,141.75,141.9,143.41,7552894,10831.27,50194,3531332,46.75
2024-12-18,LTF, EQ, 18-Dec-2024,141.9,142.0,142.45,139.34,141.32,141.02,140.99,10516827,14827.21,47002,6415956,61.01
2024-12-19,LTF, EQ, 19-Dec-2024,141.02,139.0,141.8,137.59,141.1,141.44,140.64,12193131,17147.88,44442,7812736,64.07
2024-12-20,LTF, EQ, 20-Dec-2024,141.44,141.43,141.69,135.5,136.36,136.48,139.1,8487963,11806.89,72144,4682800,55.17
2024-12-23,LTF, EQ, 23-Dec-2024,136.48,138.0,139.0,136.3,136.87,136.71,137.4,3940701,5414.58,27000,1217565,30.9
2024-12-24,LTF, EQ, 24-Dec-2024,136.71,137.0,139.39,136.61,138.5,138.65,138.33,5656854,7825.0,24046,2369511,41.89
2024-12-26,LTF, EQ, 26-Dec-2024,138.65,139.01,139.89,135.7,136.85,136.82,137.08,9220873,12639.81,41868,3879751,42.08
2024-12-27,LTF, EQ, 27-Dec-2024,136.82,137.14,139.69,136.58,137.99,137.97,138.61,4118706,5708.93,23407,1592978,38.68
2024-12-30,LTF, EQ, 30-Dec-2024,137.97,138.0,138.38,136.0,136.5,136.3,137.1,2117941,2903.78,24850,841206,39.72
2024-12-31,LTF, EQ, 31-Dec-2024,136.3,136.0,136.19,134.65,135.69,135.63,135.51,3059127,4145.55,25361,1170513,38.26
2025-01-01,LTF, EQ, 01-Jan-2025,135.63,135.7,138.26,135.6,137.65,137.76,137.01,3531622,4838.6,24128,1546443,43.79
2025-01-02,LTF, EQ, 02-Jan-2025,137.76,137.65,143.27,137.65,143.01,142.85,141.5,11377083,16098.79,56258,5413946,47.59
2025-01-03,LTF, EQ, 03-Jan-2025,142.85,142.85,144.22,141.65,143.6,143.44,143.13,4873760,6975.87,30577,2124015,43.58
2025-01-06,LTF, EQ, 06-Jan-2025,143.44,143.44,143.81,136.62,138.05,138.39,139.1,6736370,9370.52,43554,2558203,37.98
2025-01-07,LTF, EQ, 07-Jan-2025,138.39,139.0,141.24,137.51,139.45,139.36,139.29,3978224,5541.37,26775,1384671,34.81
2025-01-08,LTF, EQ, 08-Jan-2025,139.36,139.36,145.87,137.45,143.1,143.4,143.03,15163307,21688.22,73054,4653284,30.69
2025-01-09,LTF, EQ, 09-Jan-2025,143.4,141.93,144.4,140.83,144.19,142.7,141.93,5446905,7730.56,33583,2267295,41.63
2025-01-10,LTF, EQ, 10-Jan-2025,142.7,142.5,142.5,137.1,138.03,139.28,138.96,5763292,8008.64,42769,1649994,28.63
2025-01-13,LTF, EQ, 13-Jan-2025,139.28,134.12,136.75,129.2,131.48,130.89,132.93,10154047,13498.0,78605,4018829,39.58
2025-01-14,LTF, EQ, 14-Jan-2025,130.89,132.0,135.1,131.69,134.35,133.73,133.55,4953900,6615.91,52384,1938107,39.12
2025-01-15,LTF, EQ, 15-Jan-2025,133.73,134.81,142.35,132.45,140.71,140.07,136.64,7978664,10902.24,70304,4216507,52.85
2025-01-16,LTF, EQ, 16-Jan-2025,140.07,140.07,142.94,140.01,142.25,142.33,141.87,3599390,5106.37,28930,1175644,32.66
2025-01-17,LTF, EQ, 17-Jan-2025,142.33,141.01,144.24,140.39,142.44,143.03,142.81,2655923,3792.83,19232,1065659,40.12
2025-01-20,LTF, EQ, 20-Jan-2025,143.03,143.0,145.49,141.33,144.4,144.47,143.59,5040472,7237.73,26965,2732428,54.21
2025-01-21,LTF, EQ, 21-Jan-2025,144.47,141.31,147.57,140.0,146.0,146.07,145.62,14675861,21371.25,91091,5042321,34.36
2025-01-22,LTF, EQ, 22-Jan-2025,146.07,145.93,145.94,138.0,140.4,139.37,140.35,4565681,6407.75,43601,1564085,34.26
2025-01-23,LTF, EQ, 23-Jan-2025,139.37,140.0,142.0,138.5,140.95,139.93,140.02,3738977,5235.17,27896,1485240,39.72
2025-01-24,LTF, EQ, 24-Jan-2025,139.93,140.71,142.31,137.86,140.6,139.68,140.11,3499150,4902.79,37205,1360112,38.87
2025-01-27,LTF, EQ, 27-Jan-2025,139.68,139.61,142.15,134.2,140.01,141.55,138.21,5793676,8007.65,38203,1915073,33.05
2025-01-28,LTF, EQ, 28-Jan-2025,141.55,142.59,144.23,137.0,141.59,141.87,140.9,8541590,12035.2,54638,2622739,30.71
2025-01-29,LTF, EQ, 29-Jan-2025,141.87,141.87,147.37,141.59,146.2,146.16,145.93,6916017,10092.78,44714,2905235,42.01
2025-01-30,LTF, EQ, 30-Jan-2025,146.16,146.2,147.83,143.6,144.75,144.37,146.13,5076567,7418.23,34506,1359576,26.78
2025-01-31,LTF, EQ, 31-Jan-2025,144.37,144.35,146.7,143.64,145.85,145.47,145.52,2405356,3500.31,23887,857121,35.63
2025-02-01,LTF, EQ, 01-Feb-2025,145.47,146.95,147.6,142.65,145.89,145.97,145.61,2414221,3515.46,22370,632537,26.2
2025-02-03,LTF, EQ, 03-Feb-2025,145.97,145.0,150.09,141.94,149.1,149.56,147.91,5940050,8785.67,57168,2134405,35.93
2025-02-04,LTF, EQ, 04-Feb-2025,149.56,150.0,152.94,148.79,152.65,152.03,150.74,7423889,11190.81,60400,2470170,33.27
2025-02-05,LTF, EQ, 05-Feb-2025,152.03,152.65,154.89,151.62,153.06,152.86,153.11,5683005,8701.29,40125,2142794,37.71
2025-02-06,LTF, EQ, 06-Feb-2025,152.86,152.86,153.9,150.11,150.49,150.76,151.96,2402830,3651.32,29231,815438,33.94
2025-02-07,LTF, EQ, 07-Feb-2025,150.76,150.76,152.8,148.12,148.8,149.21,150.76,4555447,6868.01,28158,1708980,37.52
2025-02-10,LTF, EQ, 10-Feb-2025,149.21,151.0,152.21,147.1,148.1,147.6,148.74,4108200,6110.63,34007,1129431,27.49
2025-02-11,LTF, EQ, 11-Feb-2025,147.6,147.51,147.76,138.21,141.0,140.97,141.26,5929128,8375.77,32682,2400257,40.48
2025-02-12,LTF, EQ, 12-Feb-2025,140.97,140.0,142.33,135.84,140.98,140.73,139.79,4685117,6549.54,29460,1276368,27.24
2025-02-13,LTF, EQ, 13-Feb-2025,140.73,140.01,143.34,139.67,140.29,140.33,141.3,3651705,5159.95,20738,1610346,44.1
2025-02-14,LTF, EQ, 14-Feb-2025,140.33,142.22,142.44,135.0,136.81,136.96,137.5,4972113,6836.87,26631,1941919,39.06
2025-02-17,LTF, EQ, 17-Feb-2025,136.96,136.94,137.78,132.96,136.35,136.04,135.94,2865874,3895.95,25373,991501,34.6
2025-02-18,LTF, EQ, 18-Feb-2025,136.04,136.74,136.74,131.25,132.12,132.28,132.86,3180448,4225.44,23255,1008516,31.71
2025-02-19,LTF, EQ, 19-Feb-2025,132.28,132.44,135.5,131.05,134.97,135.25,133.9,2723336,3646.62,20954,868928,31.91
2025-02-20,LTF, EQ, 20-Feb-2025,135.25,134.7,138.1,133.2,137.9,137.62,136.12,2608003,3550.07,17677,847318,32.49
2025-02-21,LTF, EQ, 21-Feb-2025,137.62,137.55,139.45,134.9,135.72,135.74,136.46,2884321,3935.89,19274,960569,33.3
2025-02-24,LTF, EQ, 24-Feb-2025,135.74,134.99,136.15,132.3,134.1,134.25,134.18,2323761,3117.97,18839,770740,33.17
2025-02-25,LTF, EQ, 25-Feb-2025,134.25,134.1,136.0,132.65,132.8,133.49,134.3,2797955,3757.62,19048,790170,28.24
2025-02-27,LTF, EQ, 27-Feb-2025,133.49,136.6,142.18,136.6,138.5,139.49,140.2,14821236,20778.8,82339,2519273,17.0
2025-02-28,LTF, EQ, 28-Feb-2025,139.49,138.0,138.23,133.11,135.04,134.73,135.32,3681827,4982.08,28034,926643,25.17
2025-03-03,LTF, EQ, 03-Mar-2025,134.73,135.19,138.87,132.58,137.77,138.25,135.85,5170767,7024.49,30276,2061834,39.87
2025-03-04,LTF, EQ, 04-Mar-2025,138.25,136.95,139.39,134.13,139.0,138.88,137.83,3938622,5428.79,24297,1510256,38.34
2025-03-05,LTF, EQ, 05-Mar-2025,138.88,138.5,140.86,137.79,139.7,139.7,139.83,3715864,5195.77,27699,1486962,40.02
2025-03-06,LTF, EQ, 06-Mar-2025,139.7,141.5,143.78,140.2,141.22,141.09,141.64,2855777,4044.91,29395,916359,32.09
2025-03-07,LTF, EQ, 07-Mar-2025,141.09,141.1,143.2,140.85,141.9,141.71,142.22,3148608,4477.97,25657,1208414,38.38
2025-03-10,LTF, EQ, 10-Mar-2025,141.71,141.9,145.3,139.44,140.14,139.83,142.93,4843292,6922.68,34086,1443853,29.81
2025-03-11,LTF, EQ, 11-Mar-2025,139.83,139.0,142.11,137.2,141.1,141.0,140.14,2549192,3572.4,19065,788805,30.94
2025-03-12,LTF, EQ, 12-Mar-2025,141.0,142.0,142.65,136.81,140.3,140.25,139.6,3329109,4647.42,22449,1193152,35.84
2025-03-13,LTF, EQ, 13-Mar-2025,140.25,141.0,141.16,138.0,138.45,138.64,139.38,1973510,2750.7,22250,859152,43.53
2025-03-17,LTF, EQ, 17-Mar-2025,138.64,138.99,141.45,138.64,140.5,140.17,140.22,3085080,4325.8,32194,1396395,45.26
2025-03-18,LTF, EQ, 18-Mar-2025,140.17,141.25,142.9,140.7,142.61,142.62,142.02,2131065,3026.61,16640,1058115,49.65
2025-03-19,LTF, EQ, 19-Mar-2025,142.62,142.99,147.0,142.4,146.41,146.3,144.87,4720534,6838.49,37271,2064051,43.72
2025-03-20,LTF, EQ, 20-Mar-2025,146.3,147.59,150.5,146.9,149.5,149.71,149.33,7231854,10799.59,43428,3066428,42.4
2025-03-21,LTF, EQ, 21-Mar-2025,149.71,149.7,156.05,148.52,155.0,155.09,153.76,8697338,13373.33,46067,3982915,45.79
2025-03-24,LTF, EQ, 24-Mar-2025,155.09,155.61,159.5,155.61,158.25,158.57,158.23,6203364,9815.89,53037,2244072,36.18
2025-03-25,LTF, EQ, 25-Mar-2025,158.57,159.55,159.9,153.35,154.25,155.04,155.73,4033963,6282.23,29198,1729240,42.87
2025-03-26,LTF, EQ, 26-Mar-2025,155.04,154.66,156.68,152.4,152.64,152.95,154.3,2895093,4467.27,22439,1294278,44.71
2025-03-27,LTF, EQ, 27-Mar-2025,152.95,151.5,156.97,151.29,155.7,155.56,154.17,5524298,8516.8,33086,2179739,39.46
2025-03-28,LTF, EQ, 28-Mar-2025,155.56,155.56,156.77,152.01,153.47,153.22,153.86,2859660,4399.96,24689,1276027,44.62
2025-04-01,LTF, EQ, 01-Apr-2025,153.22,151.5,154.39,149.19,151.2,150.9,151.26,2293910,3469.8,22871,758885,33.08
2025-04-02,LTF, EQ, 02-Apr-2025,150.9,152.35,152.56,149.62,152.25,151.88,151.5,1515678,2296.32,19097,485826,32.05
2025-04-03,LTF, EQ, 03-Apr-2025,151.88,150.0,154.4,150.0,154.2,153.97,153.13,1807259,2767.42,14713,553242,30.61
2025-04-04,LTF, EQ, 04-Apr-2025,153.97,153.9,154.89,148.92,153.69,153.72,152.05,5623702,8550.73,30742,1475162,26.23
2025-04-07,LTF, EQ, 07-Apr-2025,153.72,140.0,149.5,140.0,149.0,148.57,146.52,3978490,5829.17,37662,1413819,35.54
2025-04-08,LTF, EQ, 08-Apr-2025,148.57,151.53,155.0,151.42,154.01,154.37,153.7,5252832,8073.72,37332,1810804,34.47
2025-04-09,LTF, EQ, 09-Apr-2025,154.37,151.5,154.45,149.1,153.09,153.34,152.34,2411800,3674.21,21645,619175,25.67
2025-04-11,LTF, EQ, 11-Apr-2025,153.34,157.1,157.59,154.27,155.4,155.46,155.4,2824478,4389.13,18655,1256208,44.48
2025-04-15,LTF, EQ, 15-Apr-2025,155.46,157.0,159.0,156.01,158.75,158.64,157.47,3713269,5847.11,30789,1916922,51.62
2025-04-16,LTF, EQ, 16-Apr-2025,158.64,159.5,159.88,157.38,158.75,158.6,158.55,3312068,5251.22,27621,1188758,35.89
2025-04-17,LTF, EQ, 17-Apr-2025,158.6,159.0,165.35,158.0,163.25,163.69,162.8,8873598,14446.61,52580,2733616,30.81
2025-04-21,LTF, EQ, 21-Apr-2025,163.69,165.0,172.99,165.0,171.09,171.26,170.21,15861941,26998.33,85271,7786645,49.09
2025-04-22,LTF, EQ, 22-Apr-2025,171.26,171.81,174.69,169.44,173.3,173.33,172.51,7861475,13561.61,44330,3420687,43.51
2025-04-23,LTF, EQ, 23-Apr-2025,173.33,173.65,180.7,173.33,180.2,180.04,177.45,12980307,23034.18,72495,6344339,48.88
2025-04-24,LTF, EQ, 24-Apr-2025,180.04,180.0,182.14,178.92,179.38,179.57,179.98,10991635,19782.64,47661,6617977,60.21
2025-04-25,LTF, EQ, 25-Apr-2025,179.57,179.5,180.09,171.11,171.95,172.99,173.75,8757102,15215.76,57436,3418307,39.03
2025-04-28,LTF, EQ, 28-Apr-2025,172.99,162.7,169.1,158.2,168.0,167.66,164.68,19860635,32705.62,101334,3864117,19.46
2025-04-29,LTF, EQ, 29-Apr-2025,167.66,167.5,169.11,165.0,167.2,167.83,166.79,7647849,12756.16,45622,1611995,21.08
2025-04-30,LTF, EQ, 30-Apr-2025,167.83,167.42,167.99,163.6,164.0,164.17,165.85,5934900,9843.23,37268,1935345,32.61
2025-05-02,LTF, EQ, 02-May-2025,164.17,164.5,168.5,163.44,165.91,166.17,166.01,6462553,10728.67,59986,2498811,38.67
2025-05-05,LTF, EQ, 05-May-2025,166.17,166.7,168.84,166.23,167.25,167.02,167.37,3624993,6067.2,27203,1604096,44.25
2025-05-06,LTF, EQ, 06-May-2025,167.02,167.9,168.48,163.55,163.89,164.26,165.65,5762277,9545.2,40305,3221969,55.91
2025-05-07,LTF, EQ, 07-May-2025,164.26,162.66,169.3,162.66,167.84,168.26,167.23,5537154,9259.82,28165,2167857,39.15
2025-05-08,LTF, EQ, 08-May-2025,168.26,168.49,169.39,162.1,162.46,163.53,165.92,4167888,6915.52,27203,1845356,44.28
2025-05-09,LTF, EQ, 09-May-2025,163.53,159.74,164.17,159.66,161.5,161.53,162.3,5279622,8568.71,39720,1784099,33.79
2025-05-12,LTF, EQ, 12-May-2025,161.53,168.0,171.79,166.77,171.46,171.2,169.12,5007023,8468.12,27135,2419013,48.31
2025-05-13,LTF, EQ, 13-May-2025,171.2,171.21,173.38,170.07,171.15,171.45,171.77,3088908,5305.76,21808,1127419,36.5
2025-05-14,LTF, EQ, 14-May-2025,171.45,172.5,177.4,171.11,175.25,175.21,175.32,4786490,8391.9,27117,2215105,46.28
2025-05-15,LTF, EQ, 15-May-2025,175.21,175.21,178.68,173.37,178.0,178.03,177.58,11285094,20040.56,34023,7314898,64.82
2025-05-16,LTF, EQ, 16-May-2025,178.03,178.58,180.0,174.5,174.89,174.87,177.0,11118713,19680.18,38862,7455363,67.05
2025-05-19,LTF, EQ, 19-May-2025,174.87,175.0,176.25,173.08,175.59,175.29,175.06,6301773,11032.02,26181,3405907,54.05
2025-05-20,LTF, EQ, 20-May-2025,175.29,176.8,177.14,170.7,171.51,171.17,173.58,3886648,6746.44,24872,2147297,55.25
2025-05-21,LTF, EQ, 21-May-2025,171.17,170.99,174.28,169.7,173.6,173.58,172.63,4026401,6950.64,35708,1574383,39.1
2025-05-22,LTF, EQ, 22-May-2025,173.58,173.5,175.14,171.6,173.9,173.71,173.53,2800171,4859.06,22487,1158193,41.36
2025-05-23,LTF, EQ, 23-May-2025,173.71,173.2,175.8,171.8,174.65,175.1,173.92,2502844,4352.85,18378,905723,36.19
2025-05-26,LTF, EQ, 26-May-2025,175.1,176.5,176.92,173.82,174.25,174.29,175.44,6328313,11102.53,26153,2980278,47.09
2025-05-27,LTF, EQ, 27-May-2025,174.29,171.7,173.71,170.03,171.85,172.3,171.9,4652943,7998.28,26783,1346039,28.93
2025-05-28,LTF, EQ, 28-May-2025,172.3,171.25,175.0,171.25,174.3,174.34,173.4,2706198,4692.68,17851,1171536,43.29
2025-05-29,LTF, EQ, 29-May-2025,174.34,175.77,175.8,171.25,171.9,171.65,172.75,2725416,4708.05,20226,996874,36.58
2025-05-30,LTF, EQ, 30-May-2025,171.65,171.75,172.39,169.25,171.4,171.29,171.11,4309054,7373.2,32564,2109018,48.94
2025-06-02,LTF, EQ, 02-Jun-2025,171.29,171.0,176.2,170.46,175.1,175.0,174.72,5334088,9319.97,40989,2618500,49.09
2025-06-03,LTF, EQ, 03-Jun-2025,175.0,176.0,177.22,172.13,173.3,173.52,174.34,4775275,8325.12,22512,2465323,51.63
2025-06-04,LTF, EQ, 04-Jun-2025,173.52,173.52,175.96,173.52,175.41,175.21,174.7,4499916,7861.4,26221,2529269,56.21
2025-06-05,LTF, EQ, 05-Jun-2025,175.21,175.9,184.3,174.8,184.3,183.36,180.2,15938143,28721.23,77249,6453723,40.49
2025-06-06,LTF, EQ, 06-Jun-2025,183.36,185.1,192.0,182.7,189.02,189.79,188.41,21470221,40452.32,129453,7761536,36.15
2025-06-09,LTF, EQ, 09-Jun-2025,189.79,191.74,195.25,191.3,193.15,193.0,193.37,11718299,22660.25,65209,4631729,39.53
2025-06-10,LTF, EQ, 10-Jun-2025,193.0,194.24,197.1,192.3,194.33,194.77,195.21,14781474,28854.85,58230,5483624,37.1
2025-06-11,LTF, EQ, 11-Jun-2025,194.77,194.9,196.8,189.1,190.5,190.8,191.63,8902702,17060.52,60809,4292125,48.21
2025-06-12,LTF, EQ, 12-Jun-2025,190.8,190.5,192.89,187.0,187.3,187.8,190.15,5987791,11385.68,41092,2663618,44.48
2025-06-13,LTF, EQ, 13-Jun-2025,187.8,183.06,186.95,180.61,185.85,185.69,185.08,5261403,9738.06,31665,1598424,30.38
2025-06-16,LTF, EQ, 16-Jun-2025,185.69,186.47,192.29,183.51,191.5,191.66,189.29,7059556,13362.74,51145,2428525,34.4
2025-06-17,LTF, EQ, 17-Jun-2025,191.66,191.66,194.21,188.98,189.71,190.04,191.45,6034344,11552.89,34877,2518065,41.73
2025-06-18,LTF, EQ, 18-Jun-2025,190.04,190.0,192.87,188.19,188.79,188.77,189.92,4824661,9163.03,22466,1946147,40.34
2025-06-19,LTF, EQ, 19-Jun-2025,188.77,189.04,191.62,185.9,187.13,187.51,188.07,5734249,10784.17,36273,1909112,33.29
2025-06-20,LTF, EQ, 20-Jun-2025,187.51,187.41,192.31,187.25,189.99,190.05,189.89,7105520,13492.46,37017,2866508,40.34
2025-06-23,LTF, EQ, 23-Jun-2025,190.05,188.53,195.0,188.0,193.25,193.29,192.7,6312298,12163.96,42977,2169105,34.36
2025-06-24,LTF, EQ, 24-Jun-2025,193.29,196.2,201.5,193.66,200.75,200.06,199.06,17929301,35689.62,96404,5637606,31.44
2025-06-25,LTF, EQ, 25-Jun-2025,200.06,204.0,204.12,199.7,201.6,201.51,201.2,10463264,21051.74,66635,3345737,31.98
2025-06-26,LTF, EQ, 26-Jun-2025,201.51,201.95,206.6,201.7,206.3,206.14,204.36,12459462,25461.7,65068,4317360,34.65
2025-06-27,LTF, EQ, 27-Jun-2025,206.14,207.09,207.44,201.5,202.69,203.02,203.15,9233947,18759.1,56564,4310596,46.68
2025-06-30,LTF, EQ, 30-Jun-2025,203.02,204.93,207.8,204.5,206.19,206.01,206.08,9598420,19780.67,78948,4552815,47.43
2025-07-01,LTF, EQ, 01-Jul-2025,206.01,207.5,209.0,203.63,208.87,207.84,206.57,5715930,11807.31,40183,1922541,33.63
2025-07-02,LTF, EQ, 02-Jul-2025,207.84,208.9,209.6,205.0,205.95,206.22,207.12,4539973,9403.4,39947,1600918,35.26
2025-07-03,LTF, EQ, 03-Jul-2025,206.22,206.9,207.95,202.77,203.12,203.29,204.45,3745712,7657.97,30651,1506941,40.23
2025-07-04,LTF, EQ, 04-Jul-2025,203.29,202.75,209.85,202.1,206.1,205.63,206.59,11136321,23006.09,123662,3961090,35.57
2025-07-07,LTF, EQ, 07-Jul-2025,205.63,205.99,211.2,205.11,207.85,207.77,208.53,12364754,25784.68,65020,5071203,41.01
2025-07-08,LTF, EQ, 08-Jul-2025,207.77,207.89,209.23,205.33,208.19,208.25,207.51,3294484,6836.28,27318,1011287,30.7
2025-07-09,LTF, EQ, 09-Jul-2025,208.25,208.25,210.82,207.71,209.0,209.1,209.59,3831077,8029.72,38258,1458931,38.08
2025-07-10,LTF, EQ, 10-Jul-2025,209.1,209.26,211.18,206.29,206.99,206.77,208.03,3256761,6775.15,30700,1099454,33.76
2025-07-11,LTF, EQ, 11-Jul-2025,206.77,206.5,208.24,203.98,204.3,204.59,205.1,4060618,8328.21,24979,2037715,50.18
2025-07-14,LTF, EQ, 14-Jul-2025,204.59,205.0,208.49,203.18,205.45,205.57,205.79,5939863,12223.9,33605,3387763,57.03
2025-07-15,LTF, EQ, 15-Jul-2025,205.57,205.9,207.4,203.3,205.21,205.45,204.91,5628351,11533.21,32486,3100549,55.09
2025-07-16,LTF, EQ, 16-Jul-2025,205.45,205.2,205.42,201.88,202.65,203.35,203.48,4871054,9911.43,31053,1960575,40.25
2025-07-17,LTF, EQ, 17-Jul-2025,203.35,203.26,204.16,198.75,199.5,199.78,200.78,5656944,11357.86,36073,2456213,43.42
2025-07-18,LTF, EQ, 18-Jul-2025,199.78,201.01,206.79,199.78,203.5,203.15,203.37,20357652,41400.9,84672,7336911,36.04
2025-07-21,LTF, EQ, 21-Jul-2025,203.15,201.9,212.85,201.31,211.39,210.58,209.45,28403671,59492.31,124754,11486715,40.44
2025-07-22,LTF, EQ, 22-Jul-2025,210.58,212.0,212.1,205.25,208.72,209.21,207.73,10487847,21786.88,89073,3760746,35.86
2025-07-23,LTF, EQ, 23-Jul-2025,209.21,209.91,214.8,208.44,213.5,213.51,212.74,16326707,34733.93,99795,6257091,38.32
2025-07-24,LTF, EQ, 24-Jul-2025,213.51,214.38,214.45,209.2,209.9,210.1,211.02,9010760,19014.58,44714,4714677,52.32
2025-07-25,LTF, EQ, 25-Jul-2025,210.1,207.8,207.8,201.0,205.15,204.91,203.9,17693694,36077.86,92943,9749217,55.1
2025-07-28,LTF, EQ, 28-Jul-2025,204.91,203.0,208.5,201.42,201.72,201.99,204.95,4362416,8940.73,36223,1612620,36.97
2025-07-29,LTF, EQ, 29-Jul-2025,201.99,202.9,206.48,201.83,205.9,206.02,204.67,7218561,14774.4,47405,3459349,47.92
2025-07-30,LTF, EQ, 30-Jul-2025,206.02,206.0,207.13,202.15,203.2,203.4,203.72,6921827,14100.83,31602,3722461,53.78
2025-07-31,LTF, EQ, 31-Jul-2025,203.4,201.49,204.79,200.31,202.0,202.59,203.34,3524054,7165.98,42824,1388996,39.41
2025-08-01,LTF, EQ, 01-Aug-2025,202.59,202.8,203.95,200.33,200.4,201.14,202.06,4549986,9193.86,50547,1929949,42.42
2025-08-04,LTF, EQ, 04-Aug-2025,201.14,200.0,204.48,199.23,203.85,204.02,201.52,6730889,13564.16,47078,3676875,54.63
2025-08-05,LTF, EQ, 05-Aug-2025,204.02,204.0,205.49,201.7,204.5,204.27,203.73,3651783,7439.84,26913,1603000,43.9
2025-08-06,LTF, EQ, 06-Aug-2025,204.27,204.27,205.4,200.31,201.91,201.67,202.48,3221530,6522.89,28735,1252226,38.87
2025-08-07,LTF, EQ, 07-Aug-2025,201.67,201.35,202.0,195.91,201.16,200.28,199.3,5360975,10684.48,45388,2132285,39.77
2025-08-08,LTF, EQ, 08-Aug-2025,200.28,201.0,201.58,195.0,195.3,195.75,197.8,2094580,4143.08,22846,617921,29.5
2025-08-11,LTF, EQ, 11-Aug-2025,195.75,195.3,198.75,194.4,197.75,197.95,196.72,2728485,5367.51,27956,574744,21.06
2025-08-12,LTF, EQ, 12-Aug-2025,197.95,198.0,200.18,195.4,197.9,197.78,198.08,3283444,6503.96,24920,1364081,41.54
2025-08-13,LTF, EQ, 13-Aug-2025,197.78,198.8,202.6,198.33,201.2,201.34,201.3,3781634,7612.57,36892,1312795,34.72
2025-08-14,LTF, EQ, 14-Aug-2025,201.34,201.34,202.84,199.76,202.11,202.08,201.41,2597438,5231.43,22805,1021238,39.32
2025-08-18,LTF, EQ, 18-Aug-2025,202.08,204.9,213.84,204.26,210.89,210.45,210.66,9569765,20159.4,70098,3858983,40.32
2025-08-19,LTF, EQ, 19-Aug-2025,210.45,210.88,217.65,208.0,217.09,217.03,215.02,9449871,20319.42,58040,3962705,41.93
2025-08-20,LTF, EQ, 20-Aug-2025,217.03,218.01,218.19,214.63,216.4,216.53,216.26,6493172,14042.41,32791,4179181,64.36
2025-08-21,LTF, EQ, 21-Aug-2025,216.53,216.4,223.5,216.02,221.7,221.79,221.05,10194494,22534.77,77802,3194968,31.34
2025-08-22,LTF, EQ, 22-Aug-2025,221.79,222.48,225.48,221.79,222.77,222.7,223.58,8534537,19081.53,72045,3463142,40.58
2025-08-25,LTF, EQ, 25-Aug-2025,222.7,222.7,223.25,217.41,217.8,217.69,219.4,4476151,9820.85,33872,1937659,43.29
2025-08-26,LTF, EQ, 26-Aug-2025,217.69,217.25,220.8,215.75,220.0,220.0,219.78,15435312,33924.21,67593,10845769,70.27
2025-08-28,LTF, EQ, 28-Aug-2025,220.0,219.3,220.33,215.26,216.5,216.44,218.09,5719437,12473.42,42939,2711250,47.4
2025-08-29,LTF, EQ, 29-Aug-2025,216.44,216.41,219.9,216.1,217.0,217.16,217.9,15451569,33668.73,50609,9812802,63.51
2025-09-01,LTF, EQ, 01-Sep-2025,217.16,218.0,223.69,216.6,222.5,222.59,221.54,5291371,11722.49,41875,1890951,35.74
2025-09-02,LTF, EQ, 02-Sep-2025,222.59,223.4,224.19,220.45,222.0,221.93,221.85,7095067,15740.58,36667,4218612,59.46
2025-09-03,LTF, EQ, 03-Sep-2025,221.93,223.03,228.17,222.19,227.35,227.15,226.03,9145986,20672.9,77924,4000505,43.74
2025-09-04,LTF, EQ, 04-Sep-2025,227.15,228.03,230.2,226.0,228.15,227.85,228.36,6093291,13914.55,68864,2698398,44.28
2025-09-05,LTF, EQ, 05-Sep-2025,227.85,229.3,232.87,228.8,230.59,230.51,230.92,5790664,13371.64,44848,2101486,36.29
2025-09-08,LTF, EQ, 08-Sep-2025,230.51,231.67,236.45,230.71,234.25,233.57,234.04,6334110,14824.08,88788,3242794,51.2
2025-09-09,LTF, EQ, 09-Sep-2025,233.57,234.4,235.15,232.31,233.76,233.97,233.85,1980326,4630.98,23450,763575,38.56
2025-09-10,LTF, EQ, 10-Sep-2025,233.97,233.6,235.71,231.6,232.88,232.72,233.11,3161164,7368.93,28466,1471680,46.56
2025-09-11,LTF, EQ, 11-Sep-2025,232.72,232.25,235.19,232.25,233.43,233.51,233.92,1993358,4662.84,20697,866485,43.47
2025-09-12,LTF, EQ, 12-Sep-2025,233.51,233.51,236.5,233.51,235.0,234.96,235.12,2813664,6615.36,32523,1027483,36.52
2025-09-15,LTF, EQ, 15-Sep-2025,234.96,234.96,238.35,233.8,237.5,237.1,236.43,5279320,12481.66,36593,2341388,44.35
2025-09-16,LTF, EQ, 16-Sep-2025,237.1,237.6,241.28,237.17,240.42,241.03,239.52,7347308,17598.04,61594,3304215,44.97
2025-09-17,LTF, EQ, 17-Sep-2025,241.03,241.0,243.7,238.93,243.58,242.89,241.57,5606036,13542.75,41402,2371467,42.3
2025-09-18,LTF, EQ, 18-Sep-2025,242.89,243.25,250.79,243.16,247.52,247.37,247.77,9009825,22323.88,76721,3332458,36.99
2025-09-19,LTF, EQ, 19-Sep-2025,247.37,247.04,249.03,245.44,247.3,246.7,247.58,4800420,11884.64,36442,2558870,53.31
2025-09-22,LTF, EQ, 22-Sep-2025,246.7,246.7,252.2,246.7,248.3,248.09,249.59,7646105,19084.04,71868,3075289,40.22
2025-09-23,LTF, EQ, 23-Sep-2025,248.09,248.95,249.73,244.2,246.6,246.41,246.82,3369508,8316.61,31762,1373247,40.76
2025-09-24,LTF, EQ, 24-Sep-2025,246.41,246.0,249.52,245.17,246.36,246.82,247.34,4991261,12345.47,36148,2339551,46.87
2025-09-25,LTF, EQ, 25-Sep-2025,246.82,246.5,249.2,242.95,243.6,244.06,246.51,3255852,8026.11,31272,1863290,57.23
2025-09-26,LTF, EQ, 26-Sep-2025,244.06,243.55,246.04,235.45,235.72,236.29,239.58,6695936,16041.81,49385,4267357,63.73
2025-09-29,LTF, EQ, 29-Sep-2025,236.29,235.05,247.55,235.05,244.3,244.84,242.83,14344044,34832.18,139035,8256596,57.56
2025-09-30,LTF, EQ, 30-Sep-2025,244.84,245.75,249.9,245.15,249.3,249.28,247.47,5767268,14272.43,59074,2513401,43.58
2025-10-01,LTF, EQ, 01-Oct-2025,249.28,249.99,259.31,246.94,258.55,258.58,252.7,9166397,23163.17,120343,4008439,43.73
2025-10-03,LTF, EQ, 03-Oct-2025,258.58,259.0,263.9,257.82,262.9,262.33,260.4,9109317,23720.5,63625,4242926,46.58
2025-10-06,LTF, EQ, 06-Oct-2025,262.33,264.7,264.7,252.51,259.27,259.87,257.71,9534057,24570.39,57826,2549110,26.74
2025-10-07,LTF, EQ, 07-Oct-2025,259.87,259.87,261.66,258.7,259.0,259.28,260.1,2508278,6524.12,29429,759069,30.26
2025-10-08,LTF, EQ, 08-Oct-2025,259.28,258.9,260.45,254.32,255.02,255.55,256.38,2485985,6373.47,30396,837587,33.69
2025-10-09,LTF, EQ, 09-Oct-2025,255.55,255.95,261.0,255.55,260.19,260.24,258.92,3597676,9315.18,47286,1593041,44.28
2025-10-10,LTF, EQ, 10-Oct-2025,260.24,260.02,262.14,254.66,255.76,256.04,257.34,6067478,15613.8,61330,2254319,37.15
2025-10-13,LTF, EQ, 13-Oct-2025,256.04,255.25,267.1,254.93,266.99,266.58,263.53,10792642,28442.39,89406,3432718,31.81
2025-10-14,LTF, EQ, 14-Oct-2025,266.58,268.0,268.6,261.4,262.89,262.93,264.86,4871445,12902.3,47330,1483231,30.45
2025-10-15,LTF, EQ, 15-Oct-2025,262.93,263.0,272.19,262.87,271.36,271.55,269.48,7835400,21115.2,72809,2659639,33.94
2025-10-16,LTF, EQ, 16-Oct-2025,271.55,265.0,273.57,264.92,269.2,269.19,269.28,11133785,29981.29,77222,3165640,28.43
2025-10-17,LTF, EQ, 17-Oct-2025,269.19,270.95,270.95,264.0,266.56,266.26,266.64,3844212,10250.26,39729,1397067,36.34
2025-10-20,LTF, EQ, 20-Oct-2025,266.26,268.83,270.36,266.33,267.69,267.54,267.9,4113186,11019.11,45244,2087983,50.76
2025-10-21,LTF, EQ, 21-Oct-2025,267.54,269.78,269.78,267.0,267.5,267.85,268.21,543455,1457.61,12370,283237,52.17
2025-10-23,LTF, EQ, 23-Oct-2025,267.85,268.65,269.47,264.23,266.98,266.96,266.65,5794136,15449.92,58781,3394455,58.58
2025-10-24,LTF, EQ, 24-Oct-2025,266.96,266.0,269.57,265.91,266.7,267.0,267.48,4221358,11291.29,35980,2418513,57.29
2025-10-27,LTF, EQ, 27-Oct-2025,267.0,267.5,269.59,264.22,267.0,267.15,267.03,8987153,23998.04,93024,5165540,57.48
2025-10-28,LTF, EQ, 28-Oct-2025,267.15,268.5,270.81,266.28,269.0,268.35,268.29,21647191,58077.11,49867,15094445,69.73
2025-10-29,LTF, EQ, 29-Oct-2025,268.35,268.45,270.76,266.04,267.98,268.17,268.33,9391552,25200.28,48004,4402620,46.88
2025-10-30,LTF, EQ, 30-Oct-2025,268.17,268.01,271.99,267.28,268.35,267.89,269.1,5883403,15832.35,51813,3346530,56.88
2025-10-31,LTF, EQ, 31-Oct-2025,267.89,269.7,273.29,268.46,270.55,270.49,270.74,4506941,12202.19,39866,2350417,52.15
2025-11-03,LTF, EQ, 03-Nov-2025,270.49,270.5,279.95,269.9,279.9,279.7,277.58,9607771,26669.46,90187,3819437,39.75
2025-11-04,LTF, EQ, 04-Nov-2025,279.7,280.05,284.45,278.65,279.7,280.0,281.49,6516048,18342.23,67308,2271619,34.86
2025-11-06,LTF, EQ, 06-Nov-2025,280.0,279.7,280.65,272.2,275.2,275.2,275.57,5515746,15199.98,67721,2755297,49.95
2025-11-07,LTF, EQ, 07-Nov-2025,275.2,272.0,305.4,272.0,304.5,303.6,296.86,70587337,209543.16,459419,23198327,32.86
2025-11-10,LTF, EQ, 10-Nov-2025,303.6,304.0,308.25,300.1,301.05,300.9,303.45,8155155,24747.09,82804,2536749,31.11
2025-11-11,LTF, EQ, 11-Nov-2025,300.9,300.5,302.45,291.65,296.0,295.05,294.78,16005871,47181.63,110977,7505490,46.89
2025-11-12,LTF, EQ, 12-Nov-2025,295.05,296.5,301.4,293.9,294.4,294.9,296.58,5279025,15656.52,51903,2437117,46.17
2025-11-13,LTF, EQ, 13-Nov-2025,294.9,295.1,295.5,291.3,292.0,292.2,292.88,3630010,10631.44,40907,1881373,51.83
2025-11-14,LTF, EQ, 14-Nov-2025,292.2,291.95,296.75,290.15,294.1,294.15,294.53,4821228,14200.08,54787,2309083,47.89
2025-11-17,LTF, EQ, 17-Nov-2025,294.15,295.05,301.5,292.95,300.05,299.4,298.78,11584288,34611.8,68448,6408851,55.32
2025-11-18,LTF, EQ, 18-Nov-2025,299.4,299.9,300.05,295.75,296.95,296.5,297.13,4592406,13645.35,64397,2690063,58.58
2025-11-19,LTF, EQ, 19-Nov-2025,296.5,296.55,301.6,295.85,297.85,297.65,298.65,3905961,11665.11,59042,1805038,46.21
2025-11-20,LTF, EQ, 20-Nov-2025,297.65,297.65,298.4,292.0,292.5,292.3,293.65,3801781,11163.92,52836,1897706,49.92
2025-11-21,LTF, EQ, 21-Nov-2025,292.3,290.2,292.9,288.2,289.0,288.7,290.07,5136647,14899.95,99171,2873804,55.95
2025-11-24,LTF, EQ, 24-Nov-2025,288.7,288.7,294.6,287.35,292.5,292.55,292.61,5328979,15593.33,59104,2645903,49.65
2025-11-25,LTF, EQ, 25-Nov-2025,292.55,292.95,298.05,291.7,296.7,296.9,296.02,5580342,16518.96,56142,3068513,54.99
2025-11-26,LTF, EQ, 26-Nov-2025,296.9,298.0,308.8,297.35,307.4,307.6,304.7,11140520,33944.66,77673,5907480,53.03
2025-11-27,LTF, EQ, 27-Nov-2025,307.6,308.9,310.05,305.4,308.9,308.25,307.63,4988540,15346.36,67341,2268905,45.48
2025-11-28,LTF, EQ, 28-Nov-2025,308.25,309.6,315.35,308.5,311.2,312.35,312.01,14286349,44574.49,102825,7919704,55.44
2025-12-01,LTF, EQ, 01-Dec-2025,312.35,313.75,314.0,307.6,308.7,309.15,309.81,3746757,11607.69,64767,1711439,45.68
2025-12-02,LTF, EQ, 02-Dec-2025,309.15,309.15,310.9,305.25,306.0,306.05,308.02,3419184,10531.84,54990,1824526,53.36
2025-12-03,LTF, EQ, 03-Dec-2025,306.05,306.05,308.1,296.6,302.7,302.8,301.2,6688481,20145.64,67470,3299118,49.33
2025-12-04,LTF, EQ, 04-Dec-2025,302.8,302.7,304.6,299.1,300.0,300.45,301.34,3259199,9821.41,57329,1544765,47.4
2025-12-05,LTF, EQ, 05-Dec-2025,300.45,299.1,311.15,298.0,310.25,309.6,306.45,8154419,24989.31,74811,3252139,39.88
2025-12-08,LTF, EQ, 08-Dec-2025,309.6,311.3,311.75,297.5,299.0,299.3,302.25,5368362,16226.05,60603,2506086,46.68
2025-12-09,LTF, EQ, 09-Dec-2025,299.3,298.0,310.2,294.8,307.15,307.3,305.93,8915028,27274.0,60974,3237591,36.32
2025-12-10,LTF, EQ, 10-Dec-2025,307.3,307.45,310.4,302.35,303.5,303.95,307.13,2644098,8120.95,32570,791211,29.92
2025-12-11,LTF, EQ, 11-Dec-2025,303.95,303.9,305.4,299.9,301.8,301.7,302.52,2764759,8363.83,37373,1155493,41.79
2025-12-12,LTF, EQ, 12-Dec-2025,301.7,303.5,309.0,302.6,307.5,307.85,306.68,3551485,10891.76,35154,1384454,38.98
2025-12-15,LTF, EQ, 15-Dec-2025,307.85,307.05,309.7,303.5,304.55,305.1,305.73,3130247,9570.18,64176,1462375,46.72
2025-12-16,LTF, EQ, 16-Dec-2025,305.1,304.0,304.4,299.5,299.75,300.8,301.3,2957216,8910.03,62465,1099608,37.18
2025-12-17,LTF, EQ, 17-Dec-2025,300.8,301.0,306.6,299.6,302.0,301.9,302.49,4018638,12155.85,59984,1897685,47.22
2025-12-18,LTF, EQ, 18-Dec-2025,301.9,301.95,303.75,297.85,300.2,299.85,301.42,4654752,14030.38,52791,2222851,47.75
2025-12-19,LTF, EQ, 19-Dec-2025,299.85,300.2,303.4,296.7,300.8,300.3,300.03,5032118,15097.97,55412,2626244,52.19
2025-12-22,LTF, EQ, 22-Dec-2025,300.3,301.25,303.9,299.15,303.4,303.35,301.53,4601018,13873.53,42044,2239691,48.68
2025-12-23,LTF, EQ, 23-Dec-2025,303.35,304.75,307.35,301.7,303.75,303.5,303.97,3550546,10792.7,42260,1319935,37.18
2025-12-24,LTF, EQ, 24-Dec-2025,303.5,303.75,310.5,302.2,302.85,303.25,306.69,4437672,13610.02,39342,1467494,33.07
2025-12-26,LTF, EQ, 26-Dec-2025,303.25,303.25,304.85,299.7,301.3,301.3,301.66,3394545,10239.88,50370,1520668,44.8
2025-12-29,LTF, EQ, 29-Dec-2025,301.3,301.3,303.5,299.25,299.8,300.0,300.58,3522551,10588.21,42186,1866922,53.0
2025-12-30,LTF, EQ, 30-Dec-2025,300.0,299.0,307.45,298.45,304.5,305.45,304.16,25281188,76895.79,169754,18175454,71.89
2025-12-31,LTF, EQ, 31-Dec-2025,305.45,304.4,316.6,302.45,316.0,315.95,313.26,9647536,30221.9,81481,4044457,41.92
2026-01-01,LTF, EQ, 01-Jan-2026,315.95,315.95,321.9,313.4,317.0,317.25,318.26,5017284,15968.13,49543,1613744,32.16
2026-01-02,LTF, EQ, 02-Jan-2026,317.25,319.5,321.5,316.3,319.1,319.75,319.59,3861694,12341.69,58935,1672762,43.32
2026-01-05,LTF, EQ, 05-Jan-2026,319.75,319.0,321.6,316.3,320.5,320.3,319.41,4877876,15580.3,49490,2546510,52.21
2026-01-06,LTF, EQ, 06-Jan-2026,320.3,324.4,329.45,316.85,318.9,319.35,323.22,8344558,26971.01,104902,3125944,37.46
2026-01-07,LTF, EQ, 07-Jan-2026,319.35,319.0,319.0,311.1,313.5,313.95,313.83,4959976,15565.67,68588,1870655,37.72
2026-01-08,LTF, EQ, 08-Jan-2026,313.95,312.8,313.4,305.0,306.95,307.3,308.35,5757228,17752.44,60935,2192404,38.08
2026-01-09,LTF, EQ, 09-Jan-2026,307.3,306.0,310.55,298.3,300.3,299.7,303.24,5438329,16491.24,60905,2509818,46.15
2026-01-12,LTF, EQ, 12-Jan-2026,299.7,299.7,301.15,292.4,297.2,296.15,296.45,6677927,19797.01,82079,2173898,32.55
2026-01-13,LTF, EQ, 13-Jan-2026,296.15,298.4,302.25,285.35,287.25,288.65,291.73,8485545,24755.07,130194,2840227,33.47
2026-01-14,LTF, EQ, 14-Jan-2026,288.65,286.1,296.45,283.7,295.95,295.8,290.2,10569647,30673.07,131680,3822742,36.17
2026-01-16,LTF, EQ, 16-Jan-2026,295.8,298.0,299.55,292.75,296.25,296.4,296.51,6787271,20124.84,86043,2716274,40.02
2026-01-19,LTF, EQ, 19-Jan-2026,296.4,284.5,301.8,282.3,299.9,300.05,293.03,21465689,62901.95,150268,6378388,29.71
2026-01-20,LTF, EQ, 20-Jan-2026,300.05,300.0,309.4,292.5,294.35,293.8,301.92,10309616,31126.95,95155,1729241,16.77
2026-01-21,LTF, EQ, 21-Jan-2026,293.8,293.25,296.6,276.75,283.0,281.35,283.46,13697608,38827.12,133847,3264934,23.84
2026-01-22,LTF, EQ, 22-Jan-2026,281.35,288.0,290.05,283.8,288.0,287.3,286.72,8091520,23199.63,70814,3716867,45.94
2026-01-23,LTF, EQ, 23-Jan-2026,287.3,289.0,295.3,285.3,287.0,288.0,291.53,6502459,18956.54,70669,2223003,34.19
2026-01-27,LTF, EQ, 27-Jan-2026,288.0,288.0,290.4,280.35,289.8,285.25,285.01,5836546,16634.51,54802,1830468,31.36
2026-01-28,LTF, EQ, 28-Jan-2026,285.25,288.0,292.0,285.95,289.7,289.4,288.24,2299975,6629.47,42864,930835,40.47
2026-01-29,LTF, EQ, 29-Jan-2026,289.4,291.6,293.95,286.0,289.0,289.15,289.52,3987000,11543.11,46781,1722429,43.2
2026-01-30,LTF, EQ, 30-Jan-2026,289.15,288.85,293.35,283.75,286.0,286.35,288.99,4445140,12845.83,59463,2319986,52.19
2026-02-01,LTF, EQ, 01-Feb-2026,286.35,286.45,288.0,274.1,278.75,279.1,283.16,2602438,7368.95,32273,651381,25.03
2026-02-02,LTF, EQ, 02-Feb-2026,279.1,279.0,279.15,269.0,278.15,277.55,273.43,9193919,25138.93,85010,4364510,47.47
2026-02-03,LTF, EQ, 03-Feb-2026,277.55,290.6,298.75,283.3,284.9,284.7,286.27,5355155,15330.2,56734,2440349,45.57
2026-02-04,LTF, EQ, 04-Feb-2026,284.7,285.45,290.65,282.1,286.6,287.1,286.94,3593559,10311.42,49933,1609906,44.8
2026-02-05,LTF, EQ, 05-Feb-2026,287.1,286.0,286.8,278.5,283.05,283.4,282.46,3934618,11113.65,60192,1640168,41.69
2026-02-06,LTF, EQ, 06-Feb-2026,283.4,282.0,286.1,275.55,285.0,285.3,280.39,3821007,10713.83,68495,1092314,28.59
2026-02-09,LTF, EQ, 09-Feb-2026,285.3,289.4,297.3,287.5,296.5,296.85,294.44,4735377,13943.01,79521,1895124,40.02
2026-02-10,LTF, EQ, 10-Feb-2026,296.85,297.55,298.5,291.25,293.7,294.0,294.75,3691851,10881.62,54970,1859485,50.37
2026-02-11,LTF, EQ, 11-Feb-2026,294.0,297.0,299.9,286.4,287.75,288.3,288.98,6843457,19776.44,87901,2737653,40.0
2026-02-12,LTF, EQ, 12-Feb-2026,288.3,288.2,292.5,285.15,292.4,292.05,290.01,3739412,10844.77,47612,1311971,35.08
2026-02-13,LTF, EQ, 13-Feb-2026,292.05,291.0,291.2,283.7,284.85,285.1,285.78,4322331,12352.55,55167,1907657,44.13
2026-02-16,LTF, EQ, 16-Feb-2026,285.1,284.0,295.45,281.2,295.1,294.0,291.84,6790971,19818.89,72375,3453644,50.86
2026-02-17,LTF, EQ, 17-Feb-2026,294.0,295.35,299.4,290.85,297.6,297.65,296.42,5138868,15232.67,66179,2216328,43.13
2026-02-18,LTF, EQ, 18-Feb-2026,297.65,297.65,303.05,296.8,300.0,300.25,300.57,4525435,13602.2,45175,1872480,41.38
2026-02-19,LTF, EQ, 19-Feb-2026,300.25,300.3,301.6,293.25,294.6,294.9,297.97,3811926,11358.47,32435,1914095,50.21
2026-02-20,LTF, EQ, 20-Feb-2026,294.9,294.5,299.0,292.8,297.5,297.75,296.89,3472541,10309.8,33173,1593521,45.89
2026-02-23,LTF, EQ, 23-Feb-2026,297.75,299.0,303.0,298.0,299.55,299.65,299.89,3420472,10257.58,41488,1551112,45.35
2026-02-24,LTF, EQ, 24-Feb-2026,299.65,299.65,299.65,295.05,299.0,297.45,297.34,3623378,10773.9,39572,1593246,43.97
2026-02-25,LTF, EQ, 25-Feb-2026,297.45,301.0,310.5,298.9,303.45,303.35,305.62,9098084,27805.12,70939,3252517,35.75
2026-02-26,LTF, EQ, 26-Feb-2026,303.35,304.65,304.65,296.4,299.3,299.9,300.68,3806988,11446.82,55115,1483412,38.97
2026-02-27,LTF, EQ, 27-Feb-2026,299.9,297.5,297.5,278.0,280.25,283.95,284.86,99977962,284799.85,209301,54682214,54.69
2026-03-02,LTF, EQ, 02-Mar-2026,283.95,273.65,282.0,272.1,276.3,275.8,277.73,8061770,22389.55,84005,3645011,45.21
2026-03-04,LTF, EQ, 04-Mar-2026,275.8,270.6,273.7,265.55,268.25,271.05,270.36,8234278,22261.84,58509,4434371,53.85
2026-03-05,LTF, EQ, 05-Mar-2026,271.05,272.0,276.9,270.0,276.0,275.5,273.33,3609412,9865.7,37288,1394670,38.64
2026-03-06,LTF, EQ, 06-Mar-2026,275.5,274.9,276.95,271.25,271.8,271.9,274.44,2656845,7291.34,38026,1179994,44.41
2026-03-09,LTF, EQ, 09-Mar-2026,271.9,265.6,266.9,259.8,266.6,266.2,263.94,4006690,10575.14,41803,1464718,36.56
2026-03-10,LTF, EQ, 10-Mar-2026,266.2,270.0,275.95,269.1,275.0,274.05,272.46,3026037,8244.6,33861,1087410,35.94
2026-03-11,LTF, EQ, 11-Mar-2026,274.05,273.0,275.85,265.6,266.4,266.65,270.11,2386052,6444.97,38223,1106554,46.38
2026-03-12,LTF, EQ, 12-Mar-2026,266.65,265.15,269.35,260.75,265.4,265.5,265.38,3821356,10141.12,51531,1428410,37.38
2026-03-13,LTF, EQ, 13-Mar-2026,265.5,264.0,264.55,256.3,257.8,258.0,258.8,3511148,9086.76,43670,1328601,37.84
2026-03-16,LTF, EQ, 16-Mar-2026,258.0,257.0,262.5,255.15,259.5,260.65,259.02,3213126,8322.62,39729,909813,28.32
2026-03-17,LTF, EQ, 17-Mar-2026,260.65,262.85,263.7,256.4,263.0,263.15,260.83,5303707,13833.42,44469,2432275,45.86
2026-03-18,LTF, EQ, 18-Mar-2026,263.15,265.0,272.7,264.1,270.0,268.8,269.77,6289105,16966.24,52099,2542356,40.42
2026-03-19,LTF, EQ, 19-Mar-2026,268.8,265.0,266.9,255.15,258.5,256.65,259.76,5586363,14511.13,63375,2439961,43.68
2026-03-20,LTF, EQ, 20-Mar-2026,256.65,260.1,264.55,258.5,260.95,261.2,261.55,6384030,16697.62,60300,2183606,34.2
2026-03-23,LTF, EQ, 23-Mar-2026,261.2,260.2,260.25,245.6,247.0,247.65,248.73,8126742,20213.36,71842,3758284,46.25
2026-03-24,LTF, EQ, 24-Mar-2026,247.65,254.0,255.75,248.9,254.7,254.8,252.98,6736385,17041.85,47230,2828499,41.99
2026-03-25,LTF, EQ, 25-Mar-2026,254.8,257.6,266.5,257.35,261.15,261.3,263.07,5174550,13612.5,55962,2079534,40.19
2026-03-27,LTF, EQ, 27-Mar-2026,261.3,260.5,260.5,249.6,252.35,251.65,252.19,7078996,17852.59,121155,3440695,48.6
2026-03-30,LTF, EQ, 30-Mar-2026,251.65,247.0,247.5,238.95,241.15,240.2,241.57,9535511,23034.59,89399,4668279,48.96
2026-04-01,LTF, EQ, 01-Apr-2026,240.2,248.86,250.78,242.89,244.95,244.64,246.2,5176161,12743.53,103269,2229504,43.07
2026-04-02,LTF, EQ, 02-Apr-2026,244.64,240.1,242.64,234.9,242.0,240.35,238.57,5044052,12033.42,58448,2073467,41.11
2026-04-06,LTF, EQ, 06-Apr-2026,240.35,243.9,257.48,242.1,254.0,255.45,251.2,11678955,29337.81,95546,2956337,25.31
2026-04-07,LTF, EQ, 07-Apr-2026,255.45,252.5,257.31,250.7,254.49,254.56,254.57,5784978,14727.03,65875,2247691,38.85
2026-04-08,LTF, EQ, 08-Apr-2026,254.56,268.0,278.89,268.0,276.47,275.46,275.01,8622875,23714.1,75284,2595488,30.1
2026-04-09,LTF, EQ, 09-Apr-2026,275.46,275.95,277.67,271.0,271.85,272.18,273.88,4688665,12841.39,51697,1582821,33.76
2026-04-10,LTF, EQ, 10-Apr-2026,272.18,274.9,279.8,273.8,278.49,278.43,276.65,5871745,16244.29,55584,2629026,44.77
2026-04-13,LTF, EQ, 13-Apr-2026,278.43,272.94,276.55,266.21,273.97,274.04,273.66,4802310,13141.99,67708,1962503,40.87
2026-04-15,LTF, EQ, 15-Apr-2026,274.04,278.3,283.99,278.3,280.5,281.01,281.89,5323702,15006.76,60133,2580988,48.48
2026-04-16,LTF, EQ, 16-Apr-2026,281.01,285.0,286.99,277.47,280.5,280.41,281.82,5424731,15288.22,49423,2247230,41.43
2026-04-17,LTF, EQ, 17-Apr-2026,280.41,280.4,287.9,277.73,286.75,287.14,284.88,3415046,9728.89,44605,1247364,36.53
2026-04-20,LTF, EQ, 20-Apr-2026,287.14,287.14,293.97,283.71,289.4,290.15,290.64,4638480,13481.39,47199,1570779,33.86
2026-04-21,LTF, EQ, 21-Apr-2026,290.15,292.64,294.14,287.66,292.8,291.9,291.1,5395677,15707.08,50457,2461892,45.63
2026-04-22,LTF, EQ, 22-Apr-2026,291.9,293.0,295.29,291.3,294.8,294.04,293.67,3357979,9861.27,31155,1691674,50.38
2026-04-23,LTF, EQ, 23-Apr-2026,294.04,291.99,295.19,287.14,292.0,292.12,291.49,3503151,10211.49,38254,1247934,35.62
2026-04-24,LTF, EQ, 24-Apr-2026,292.12,293.9,295.01,287.22,291.5,290.05,291.01,3567361,10381.35,41996,1077610,30.21
2026-04-27,LTF, EQ, 27-Apr-2026,290.05,291.7,300.83,286.81,287.45,287.79,292.76,15681505,45909.43,120074,3822233,24.37
2026-04-28,LTF, EQ, 28-Apr-2026,287.79,288.0,292.58,284.71,286.21,285.78,287.3,5658687,16257.19,57130,1892633,33.45
2026-04-29,LTF, EQ, 29-Apr-2026,285.78,286.0,290.45,284.38,285.99,285.42,287.22,3376266,9697.15,42854,1271976,37.67
2026-04-30,LTF, EQ, 30-Apr-2026,285.42,284.42,284.42,277.38,280.79,279.73,280.38,3778162,10593.22,48789,1704639,45.12
2026-05-04,LTF, EQ, 04-May-2026,279.73,280.0,287.8,280.0,286.95,285.65,285.36,4980539,14212.47,57179,2188799,43.95
2026-05-05,LTF, EQ, 05-May-2026,285.65,286.6,291.4,283.1,290.5,290.45,287.75,4655749,13397.08,40296,1847909,39.69
2026-05-06,LTF, EQ, 06-May-2026,290.45,295.0,303.0,294.45,300.1,300.3,299.33,8849214,26488.59,72337,2792727,31.56
2026-05-07,LTF, EQ, 07-May-2026,300.3,301.8,305.2,297.85,303.95,303.65,303.09,3760248,11397.0,39503,1408644,37.46
2026-05-08,LTF, EQ, 08-May-2026,303.65,303.0,305.2,300.7,302.85,303.4,302.98,2525155,7650.82,29295,1049103,41.55
2026-05-11,LTF, EQ, 11-May-2026,303.4,303.0,305.0,294.15,294.7,295.0,297.91,3447625,10270.75,48326,1453563,42.16
2026-05-12,LTF, EQ, 12-May-2026,295.0,292.0,295.1,279.25,281.0,280.65,283.41,6656358,18864.56,55934,3292532,49.46
2026-05-13,LTF, EQ, 13-May-2026,280.65,281.0,290.25,278.8,282.0,281.9,281.73,6270211,17665.17,56616,3811331,60.78
2026-05-14,LTF, EQ, 14-May-2026,281.9,284.0,285.8,275.75,280.65,281.3,281.56,8516619,23979.48,56628,3803161,44.66
2026-05-15,LTF, EQ, 15-May-2026,281.3,281.1,283.75,276.1,281.5,280.75,280.61,2918519,8189.63,30840,860034,29.47
2026-05-18,LTF, EQ, 18-May-2026,280.75,277.2,280.0,272.3,280.0,278.75,275.41,3171834,8735.46,41531,1050191,33.11
2026-05-19,LTF, EQ, 19-May-2026,278.75,279.0,281.05,274.7,278.05,277.95,277.89,3945508,10964.23,35341,2031513,51.49
2026-05-20,LTF, EQ, 20-May-2026,277.95,275.05,276.6,271.85,275.95,275.65,274.19,4150742,11381.13,48431,1646682,39.67
2026-05-21,LTF, EQ, 21-May-2026,275.65,279.05,281.2,268.1,269.1,269.85,271.58,6141512,16679.38,47325,2625076,42.74
2026-05-22,LTF, EQ, 22-May-2026,269.85,269.05,271.55,262.75,270.35,270.15,268.28,6958075,18666.82,78947,2972496,42.72
2026-05-25,LTF, EQ, 25-May-2026,270.15,272.5,280.8,272.5,279.5,279.35,278.36,4498651,12522.65,37794,1682007,37.39
2026-05-26,LTF, EQ, 26-May-2026,279.35,280.1,284.65,278.65,282.9,282.7,282.2,4067157,11477.65,35718,1956887,48.11
2026-05-27,LTF, EQ, 27-May-2026,282.7,280.9,284.6,280.5,281.7,281.7,282.43,1908996,5391.61,21700,640648,33.56
2026-05-29,LTF, EQ, 29-May-2026,281.7,285.0,289.4,281.1,285.35,286.6,286.19,10147089,29039.7,60544,5446292,53.67
2026-06-01,LTF, EQ, 01-Jun-2026,286.6,282.0,285.45,270.0,271.45,271.25,275.02,6477563,17814.45,55704,2059184,31.79
2026-06-02,LTF, EQ, 02-Jun-2026,271.25,267.0,272.9,264.3,270.9,270.7,269.54,4331834,11675.96,44877,1806981,41.71
2026-06-03,LTF, EQ, 03-Jun-2026,270.7,270.8,270.8,263.6,267.6,267.85,266.36,4135606,11015.53,43746,1460538,35.32
2026-06-04,LTF, EQ, 04-Jun-2026,267.85,266.9,268.6,265.0,267.5,266.7,266.68,4176044,11136.87,33001,1743729,41.76
2026-06-05,LTF, EQ, 05-Jun-2026,266.7,268.0,277.25,266.45,268.8,268.6,271.21,7790312,21127.77,84535,2379757,30.55
2026-06-08,LTF, EQ, 08-Jun-2026,268.6,264.1,265.45,259.8,260.15,261.7,262.04,6718480,17604.83,61999,3788928,56.4
2026-06-09,LTF, EQ, 09-Jun-2026,261.7,262.95,266.6,261.95,266.25,265.55,264.03,3578915,9449.42,32367,1465283,40.94
2026-06-10,LTF, EQ, 10-Jun-2026,265.55,266.0,268.0,259.2,260.95,260.35,263.46,2859603,7533.78,24471,1067325,37.32
2026-06-11,LTF, EQ, 11-Jun-2026,260.35,260.0,260.75,256.1,257.6,256.9,258.12,2283784,5894.82,24690,887794,38.87
2026-06-12,LTF, EQ, 12-Jun-2026,256.9,263.0,277.0,262.95,275.75,275.95,270.37,7369154,19923.71,64836,2510725,34.07
2026-06-15,LTF, EQ, 15-Jun-2026,275.95,282.9,297.3,282.35,293.0,293.25,293.52,13734537,40313.94,104663,4185438,30.47
2026-06-16,LTF, EQ, 16-Jun-2026,293.25,294.9,296.65,292.8,293.5,294.25,294.32,3771951,11101.79,28048,1420536,37.66
2026-06-17,LTF, EQ, 17-Jun-2026,294.25,294.25,295.8,292.0,294.25,294.15,294.06,2767001,8136.68,27435,1367564,49.42
2026-06-18,LTF, EQ, 18-Jun-2026,294.15,295.0,295.9,284.6,287.0,286.9,288.2,3512827,10124.13,32570,1381301,39.32
2026-06-19,LTF, EQ, 19-Jun-2026,286.9,282.4,289.8,282.4,286.75,286.5,286.81,4742265,13601.4,36807,2434300,51.33
2026-06-22,LTF, EQ, 22-Jun-2026,286.5,288.3,289.85,286.3,289.3,288.7,288.03,1775541,5114.09,28157,680278,38.31
2026-06-23,LTF, EQ, 23-Jun-2026,288.7,288.35,292.3,285.7,286.0,286.35,288.42,1925870,5554.64,26062,637300,33.09
2026-06-24,LTF, EQ, 24-Jun-2026,286.35,286.5,297.9,286.4,297.25,296.55,294.74,5804976,17109.6,40623,1815136,31.27
2026-06-25,LTF, EQ, 25-Jun-2026,296.55,299.25,307.8,297.75,298.7,299.0,302.7,8421891,25493.02,60537,2972155,35.29
2026-06-29,LTF, EQ, 29-Jun-2026,299.0,299.0,307.7,297.5,300.6,299.05,300.23,27064147,81253.85,144857,17403636,64.31
2026-06-30,LTF, EQ, 30-Jun-2026,299.05,300.8,312.0,297.65,310.0,310.75,307.14,10810310,33202.89,91870,5817322,53.81
2026-07-01,LTF, EQ, 01-Jul-2026,310.75,312.7,315.9,309.55,313.1,312.7,313.05,7147529,22375.0,45867,3591884,50.25
2026-07-02,LTF, EQ, 02-Jul-2026,312.7,314.0,316.0,311.25,315.0,315.25,314.42,4080067,12828.38,45765,1731174,42.43
2026-07-03,LTF, EQ, 03-Jul-2026,315.25,318.0,329.0,317.75,327.55,327.0,325.32,8797473,28619.93,107425,3480252,39.56
2026-07-06,LTF, EQ, 06-Jul-2026,327.0,330.0,336.3,325.05,335.9,335.6,331.68,6786268,22508.7,66761,1790849,26.39
2026-07-07,LTF, EQ, 07-Jul-2026,335.6,335.9,338.6,331.15,334.3,334.2,334.54,4054627,13564.32,39587,1556221,38.38
2026-07-08,LTF, EQ, 08-Jul-2026,334.2,330.2,330.8,313.05,314.75,314.3,320.89,8696242,27904.98,68962,3021369,34.74
2026-07-09,LTF, EQ, 09-Jul-2026,314.3,314.75,324.25,309.2,320.7,321.1,319.43,9334466,29817.33,96794,3658347,39.19
2026-07-10,LTF, EQ, 10-Jul-2026,321.1,323.0,328.75,319.0,322.5,321.25,323.91,9600170,31095.77,115215,3858418,40.19
2026-07-13,LTF, EQ, 13-Jul-2026,321.25,321.25,333.5,318.0,324.7,324.7,328.06,21524893,70613.7,146835,5114478,23.76
2026-07-14,LTF, EQ, 14-Jul-2026,324.7,322.95,322.95,309.4,315.0,315.3,313.54,11571839,36282.15,84099,3978484,34.38
2026-07-15,LTF, EQ, 15-Jul-2026,315.3,317.9,320.7,311.0,312.7,312.4,314.42,3577429,11248.09,38032,1211698,33.87
2026-07-16,LTF, EQ, 16-Jul-2026,312.4,312.7,314.7,308.8,310.1,309.55,311.25,3272406,10185.31,36231,1305734,39.9
2026-07-17,LTF, EQ, 17-Jul-2026,309.55,311.45,311.45,307.1,309.3,310.05,309.34,1913114,5918.05,21562,529335,27.67
2026-07-20,LTF, EQ, 20-Jul-2026,310.05,307.05,308.45,302.55,305.75,305.85,305.26,6797847,20750.99,56270,3279454,48.24
2026-07-21,LTF, EQ, 21-Jul-2026,305.85,305.7,309.8,300.45,307.4,306.75,305.94,6919270,21168.86,56474,2841022,41.06
2026-07-22,LTF, EQ, 22-Jul-2026,306.75,307.35,310.65,303.65,306.0,305.9,306.86,4876518,14963.88,48368,1813975,37.2
2026-07-23,LTF, EQ, 23-Jul-2026,305.9,305.9,309.75,303.1,304.65,305.05,305.8,3171673,9699.01,42403,1179524,37.19
2026-07-24,LTF, EQ, 24-Jul-2026,305.05,303.0,304.8,297.15,302.5,302.4,301.09,2838253,8545.77,40257,873809,30.79
2026-07-27,LTF, EQ, 27-Jul-2026,302.4,305.0,312.85,305.0,312.8,312.25,311.29,5922451,18436.09,42903,2028526,34.25
2026-07-28,LTF, EQ, 28-Jul-2026,312.25,312.2,313.85,308.0,312.45,311.0,310.45,2857446,8871.06,29250,1097807,38.42
2026-07-29,LTF, EQ, 29-Jul-2026,311.0,313.0,313.05,301.05,309.75,309.15,305.31,14431153,44060.09,64307,7520010,52.11
2026-07-30,LTF, EQ, 30-Jul-2026,309.15,308.9,309.7,303.8,306.0,306.25,305.86,2901728,8875.11,34432,1367019,47.11
2026-07-31,LTF, EQ, 31-Jul-2026,306.25,307.45,314.05,306.65,311.0,311.25,311.82,5329552,16618.63,45850,2481797,46.57
2026-08-03,LTF, EQ, 03-Aug-2026,311.25,314.55,324.1,314.1,318.0,318.0,319.75,8873490,28372.87,69342,3890958,43.85
2026-08-04,LTF, EQ, 04-Aug-2026,318.0,320.05,321.95,315.65,317.9,317.9,318.45,5387646,17157.19,52203,2547280,47.28
2026-08-05,LTF, EQ, 05-Aug-2026,317.9,323.0,326.75,318.3,318.4,318.4,320.96,5834701,18726.94,39023,3083137,52.84
2026-08-06,LTF, EQ, 06-Aug-2026,318.4,320.55,322.2,316.65,316.65,316.65,319.35,1807929,5773.56,29327,851022,47.07
2026-08-07,LTF, EQ, 07-Aug-2026,316.65,316.65,316.9,305.6,308.0,308.0,308.98,4814207,14875.06,42038,1691913,35.14
2026-08-10,LTF, EQ, 10-Aug-2026,308.0,308.0,314.8,305.5,312.85,312.85,312.49,2502682,7820.65,43153,1088854,43.51
2026-08-11,LTF, EQ, 11-Aug-2026,312.85,312.7,316.0,310.3,315.4,315.4,313.95,2372366,7448.03,31741,1356455,57.18
2026-08-12,LTF, EQ, 12-Aug-2026,315.4,315.0,317.2,309.75,317.2,317.2,312.75,4688109,14661.98,61682,2578253,55.0
2026-08-13,LTF, EQ, 13-Aug-2026,317.2,317.2,317.3,313.0,315.35,315.35,314.85,1127604,3550.21,18767,532393,47.21
2026-08-14,LTF, EQ, 14-Aug-2026,315.35,314.9,315.3,306.0,306.3,306.3,308.54,3682349,11361.35,39511,2115018,57.44
2026-08-17,LTF, EQ, 17-Aug-2026,306.3,307.0,315.0,304.5,315.0,315.0,310.94,3074384,9559.56,31871,1244666,40.49
2026-08-18,LTF, EQ, 18-Aug-2026,315.0,314.0,325.8,307.55,325.1,325.1,320.12,10165537,32541.73,71272,3753981,36.93
2026-08-19,LTF, EQ, 19-Aug-2026,325.1,327.0,327.0,312.75,315.4,315.4,316.45,14527880,45973.85,92962,4829037,33.24
2026-08-20,LTF, EQ, 20-Aug-2026,315.4,317.05,320.0,313.7,314.75,314.75,316.77,3115446,9868.7,36721,1138784,36.55
